지점,도로명,지번
양재점,서울 서초구 청계산로 10,서울 서초구 양재동 230-1
창동점,서울 도봉구 마들로11길 20 창동하나로클럽,서울 도봉구 창동 1-10
관악농협본점,서울 관악구 남부순환로 1369,서울 관악구 신림동 1668
서대문점,서울 중구 통일로 120,서울 중구 충정로1가 85
송파농협본점,,서울 송파구 문정동 327-1
신촌점,서울 마포구 신촌로 66 농협중앙회,서울 마포구 노고산동 49-31
동서울농협신내점,서울 중랑구 신내로 74,서울 중랑구 신내동 562
서서울농협사직지점,서울 종로구 사직로8길 4,서울 종로구 사직동 9
농협미아점,서울 강북구 도봉로33길 18 성북프라자,서울 강북구 미아동 318-5
서서울농협상암점,서울 마포구 월드컵북로 356 서서울농협 DMC 첨단주차전용건축물,서울 마포구 상암동 1613
강서농협가양점,서울 강서구 강서로 489,서울 강서구 가양동 155-4
중앙농협본점,서울 광진구 뚝섬로 639 중앙농협 하나로마트,서울 광진구 자양동 635-8
농협성내지점,서울 강동구 올림픽로 528,서울 강동구 성내동 451
농협청담점,서울 강남구 학동로 411,서울 강남구 청담동 43-9
상계점,서울 노원구 동일로 1538 하나로마트 상계점,서울 노원구 상계동 649
남서울농협본점,서울 서초구 바우뫼로 195,서울 서초구 양재동 5-10
대치점,서울 강남구 삼성로 150 한보미도상가 지하1층,서울 강남구 대치동 511
농협방이역점,서울 송파구 양재대로72길 5 올림픽파크 센트레빌,서울 송파구 오금동 615
농협고덕점,서울 강동구 아리수로50길 50 래미안힐스테이트고덕,서울 강동구 고덕동 691
남서울농협남성지점,서울 동작구 사당로16길 35,서울 동작구 사당동 316-4
서울축협월곡점,서울 성북구 오패산로 46 월곡두산위브아파트,서울 성북구 하월곡동 222 서울축협 월곡지점
농협흑석지점,서울 동작구 서달로 150,서울 동작구 흑석동 332
동서울농협장안점,서울 동대문구 한천로 193 동서울농협 하나로마트 장안점,서울 동대문구 장안동 111-1 동서울농협 하나로마트 장안점
북서울농협본점,서울 도봉구 해등로 166,서울 도봉구 쌍문동 619
경서농협신정지점,서울 양천구 신월로 313,서울 양천구 신정동 977-20
성산점,서울 마포구 월드컵북로 233 성산시영아파트,서울 마포구 성산동 450
서서울 농협서강점,서울 마포구 창전로 45,서울 마포구 창전동 442
경서농협목동지점,서울 양천구 목동서로 400,서울 양천구 신정동 311
영등포농협구로본점,서울 구로구 구로중앙로28길 49 영등포농협 구로본점,서울 구로구 구로동 112-15
농협 여의대로방로점,서울 영등포구 여의대방로 203,서울 영등포구 신길동 861
강동농협본점,서울 강동구 구천면로 331,서울 강동구암사동 487-33
농협월계점,서울 노원구 마들로 111,서울 노원구 월계동 13
서울축협남가좌점,,서울 서대문구 남가좌동 388
농협신천역점,서울 송파구 올림픽로 145 리센츠,서울 송파구 잠실동 22-6
영등포농협본점,서울 영등포구 도신로 194,서울 영등포구 신길동 197-2
관악농협신본점,서울 관악구 신림로 264,서울 관악구 신림동 848-3
강동농협로데오점,서울 강동구 구천면로 202 1층,서울 강동구 천호동 421-4 1층
남서울농협이수점,서울 동작구 동작대로39길 22 지하1층,서울 동작구 동작동 333
영등포농협 분래동지점,서울 영등포구 선유로 59,서울 영등포구 문래동6가 5-2
송파농협거마점,서울 송파구 마천로43길 3 송파농협협동조합,서울 송파구 마천동 125
관악농협보라매점,서울 관악구 보라매로 12,서울 관악구 봉천동 702-40
농협우면점,서울 서초구 양재대로2길 116-19,서울 서초구 우면동 763
서울영동농협청계산역점,서울 서초구 청계산로 197,서울 서초구 신원동 270-10
서서울농협연서점,서울 은평구 연서로 291,서울 은평구 불광2동 430-6 서서울농협 연서지점
농협수서지점,서울 강남구 양재대로55길 6,서울 강남구 일원동 711-1
구매본부,서울 마포구 신촌로 66,서울 마포구 노고산동 49-31
서서울농협신사점,서울 은평구 갈현로 34 서부농협,서울 은평구 신사동 7-10
관악농협하나로마트시흥중앙점,서울 금천구 시흥대로 158,서울 금천구 시흥동 936-1
국회점,서울 영등포구 의사당대로 1 (여의도동 국회후생관 1층),서울 영등포구 여의도동 1
서서울농협응암지점,서울 은평구 응암로20길 3-8,서울 은평구 응암동 397-95
송파농협세곡지점,서울 강남구 헌릉로637길 22,서울 강남구 세곡동 103-3
동서울농협망우점,서울 중랑구 용마산로118길 94 하나로마트,서울 중랑구 망우동 147-9 동서울농협 망우지점
관악농협우성지점,서울 동작구 여의대방로 2,서울 동작구 신대방동 565-22
서울원예농협본점,서울 중랑구 동일로 842,서울 중랑구 묵동 188-10
영동농협내곡점,,서울 서초구 내곡동 342-2
영동농협본점,서울 서초구 동산로6길 3,서울 서초구 양재동 372
영등포농협남구로지점,서울 구로구 도림로 90,서울 구로구 구로동 147-4
농협상계지점,서울 노원구 동일로 1538,서울 노원구 상계동 649
서울경기양돈농협수유점,서울 강북구 노해로23길 82,서울 강북구 수유동 270-115
서울축산농협정릉지점,서울 성북구 보국문로 50,서울 성북구 정릉동 401-46
강동농협둔촌역점,서울 강동구 양재대로 1349,서울 강동구 성내동 428-6 강동농협 둔촌역지점
서울경기양돈농협이문점,서울 동대문구 휘경로 39 서울경기양돈농협 이문지점,서울 동대문구 이문동 77-13
도림로점,서울 영등포구 도림로 218,서울 영등포구 신길동 414-62
관악농협신우지점,서울 관악구 호암로 529,서울 관악구 신림동 304-1
관악농협대림점,서울 영등포구 디지털로 371 관악농협 대림지점,서울 영등포구 대림동 1030-7
신대방삼거리점,서울 동작구 보라매로 110,서울 동작구 대방동 406-8
전통공예품전문점,서울 서초구 청계산로 9 농협,서울 서초구 양재동 229
북서울농협우이지점,서울 도봉구 삼양로 616,서울 도봉구 쌍문동 509-1