"학교명","설립","주소","lon","lat"
"서울군자초등학교","공립","서울특별시 동대문구 한천로6길 21 , 서울군자초등학교 (장안동)",127.061517,37.5644532
"서울답십리초등학교","공립","서울특별시 동대문구 전농로3길 23 , 서울답십리초등학교 (답십리동)",127.0554461,37.568765
"서울동답초등학교","공립","서울특별시 동대문구 답십리로60길 12 (답십리동,서울동답초등학교)",127.0642055,37.5718166
"서울동원초등학교","공립","서울특별시 중랑구 송림길 114 , 서울동원초등학교 (망우동)",127.1048172,37.604949
"서울망우초등학교","공립","서울특별시 중랑구 망우로72길 49 , 망우초등학교 (망우동)",127.10329,37.598255
"서울면남초등학교","공립","서울특별시 중랑구 면목로30나길 38 (면목동,면남초등학교)",127.0881529,37.5770355
"서울면동초등학교","공립","서울특별시 중랑구 면목로57길 32 , 서울면동초등학교 (면목동,면동초등학교)",127.0865939,37.5852267
"서울면목초등학교","공립","서울특별시 중랑구 면목로 434 (면목동)",127.0876154,37.591356
"서울면북초등학교","공립","서울특별시 중랑구 용마공원로5길 32 (망우동,서울면북초등학교)",127.103512,37.594367
"서울면일초등학교","공립","서울특별시 중랑구 용마산로100길 13 (망우동)",127.0967817,37.59701
"서울면중초등학교","공립","서울특별시 중랑구 용마산로70길 43 , 서울면중초등학교 (면목동,면중초등학교)",127.0966242,37.5820628
"서울묵동초등학교","공립","서울특별시 중랑구 동일로138길 27 (중화동, 묵동초등학교)",127.081236,37.603865
"서울묵현초등학교","공립","서울특별시 중랑구 동일로157길75 , 서울묵현초등학교 (묵동)",127.0736151,37.6089984
"서울배봉초등학교","공립","서울특별시 동대문구 사가정로 193 , 서울배봉초등학교 (전농동)",127.0661224,37.5801932
"서울봉화초등학교","공립","서울특별시 중랑구 신내로15길 110 서울봉화초등학교 ",127.0920313,37.613164
"서울상봉초등학교","공립","서울특별시 중랑구 동일로126가길 11 (상봉동,상봉초등학교)",127.0836528,37.597894
"서울새솔초등학교","공립","서울특별시 중랑구 신내역로1길 164 (신내동)",127.1067657,37.6171078
"서울신내초등학교","공립","서울특별시 중랑구 용마산로125나길 22 , 서울신내초등학교 (신내동)",127.1000399,37.604088
"서울신답초등학교","공립","서울특별시 동대문구 천호대로 177 , 서울신답초등학교 (답십리동)",127.0433241,37.5729519
"서울신묵초등학교","공립","서울특별시 중랑구 동일로149길 46 (묵동,신묵초등학교)",127.0752897,37.6070199
"서울신현초등학교","공립","서울특별시 중랑구 봉화산로 188 , 서울신현초등학교 (신내동)",127.0937349,37.6053932
"서울안평초등학교","공립","서울특별시 동대문구 장한로14길 61 , 서울안평초등학교 (장안동)",127.0719604,37.5658699
"서울용두초등학교","공립","서울특별시 동대문구 천호대로13길 43 (용두동,서울용두초등학교)",127.0289663,37.5760811
"서울원묵초등학교","공립","서울특별시 중랑구 숙선옹주로 109 , 서울원묵초등학교 (묵동)",127.0860686,37.6176694
"서울이문초등학교","공립","서울특별시 동대문구 신이문로 16 , 서울이문초등학교 (이문동)",127.0641929,37.60204
"서울장평초등학교","공립","서울특별시 동대문구 답십리로 , 69길 27 (전농동)",127.0732688,37.5738145
"서울전곡초등학교","공립","서울특별시 동대문구 전농로 172 , 서울전곡초등학교 (전농동,서울전곡초등학교)",127.0565148,37.5804312
"서울전농초등학교","공립","서울특별시 동대문구 사가정로 66 (전농동)",127.0542426,37.574489
"서울전동초등학교","공립","서울특별시 동대문구 전농로16길 61 , 서울전동초등학교 (전농동)",127.0613777,37.5793958
"서울종암초등학교","공립","서울특별시 동대문구 무학로44길 25 (제기동,서울종암초등학교)",127.0313341,37.5818256
"서울중곡초등학교","공립","서울특별시 중랑구 면목로23길 20 , 서울중곡초등학교 (면목동)",127.0834868,37.5743413
"서울중랑초등학교","공립","서울특별시 중랑구 봉우재로6길 26 서울중랑초등학교 (면목동)",127.0757944,37.5892338
"서울중목초등학교","공립","서울특별시 중랑구 동일로 665 (면목동)",127.0793385,37.5897528
"서울중화초등학교","공립","서울특별시 중랑구 신내로7가길 22 , 중화초등학교 (신내동)",127.0944849,37.6033379
"서울중흥초등학교","공립","서울특별시 중랑구 봉화산로 82 서울중흥초등학교 (중화동)",127.08414,37.6016352
"서울청량초등학교","공립","서울특별시 동대문구 회기로25길 31 , 서울청량초등학교 (회기동)",127.0557261,37.5919938
"서울홍릉초등학교","공립","서울특별시 동대문구 회기로 90 (청량리동)",127.0474406,37.5909629
"서울홍파초등학교","공립","서울특별시 동대문구 고산자로 518 (제기동)서울홍파초등학교",127.0393911,37.5860789
"서울휘경초등학교","공립","서울특별시 동대문구 망우로6길 48 (휘경동,서울휘경초등학교)",127.0580445,37.5857839
"서울휘봉초등학교","공립","서울특별시 동대문구 장안벚꽃로 309 (휘경동)",127.0701535,37.5859982
"경희초등학교","사립","서울특별시 동대문구 경희대로 26 , 경희대학교 병설 경희초등학교 (회기동)",127.052544,37.5961951
"금성초등학교","사립","서울특별시 중랑구 신내로21길 55 (신내동)",127.0900306,37.6150693
"서울삼육초등학교","사립","서울특별시 동대문구 회기로10길 63 (회기동,서울삼육초등학교)",127.0478232,37.5891444
"은석초등학교","사립","서울특별시 동대문구 장안벚꽃로 205 (장안동)",127.0752098,37.5777907
"서울가재울초등학교","공립","서울특별시 서대문구 증가로10길 59 (남가좌동)",126.9250344,37.5795434
"서울갈현초등학교","공립","서울특별시 은평구 연서로29길 31 , 갈현초등학교 (갈현동)",126.9166788,37.6192486
"서울고은초등학교","공립","서울특별시 서대문구 모래내로 441 , 고은초등학교 (홍제동)",126.9433678,37.5847872
"서울공덕초등학교","공립","서울특별시 마포구 만리재옛길 13 , 공덕초등학교 (공덕동, 공덕초등ㅇ학교)",126.9540836,37.5457314
"서울구산초등학교","공립","서울특별시 은평구 서오릉로15길 16 , 서울구산초등학교 (구산동)",126.9095583,37.6123613
"서울구현초등학교","공립","서울특별시 은평구 갈현로15길 51 , 51 (구산동)",126.9058482,37.6092227
"서울금화초등학교","공립","서울특별시 서대문구 통일로 165 (천연동,서울금화초등학교)",126.9630251,37.5683284
"서울녹번초등학교","공립","서울특별시 은평구 녹번로1길 1 , 서울녹번초등학교 (녹번동)",126.926335,37.604001
"서울대신초등학교","공립","서울특별시 서대문구 이화여대2길 27 (대현동)",126.947849,37.5580828
"서울대은초등학교","공립","서울특별시 은평구 통일로69길 12-15 , 서울대은초등학교 (대조동)",126.9259733,37.6121672
"서울대조초등학교","공립","서울특별시 은평구 연서로18길 17 (대조동)",126.9195423,37.6132233
"서울동교초등학교","공립","서울특별시 마포구 월드컵로25길 86 (망원동,동교초등학교)",126.902533,37.557979
"서울마포초등학교","공립","서울특별시 마포구 도화2길 64 , 서울 마포초등학교 (도화동)",126.9496406,37.538255
"서울망원초등학교","공립","서울특별시 마포구 방울내로5길 28 (망원동)",126.9008405,37.5608234
"서울미동초등학교","공립","서울특별시 서대문구 충정로 52 , 서울미동초등학교 (미근동)",126.9658476,37.5631305
"서울북가좌초등학교","공립","서울특별시 서대문구 거북골로19길 20 , 서울북가좌초등학교 (북가좌동)",126.9076452,37.5776036
"서울북성초등학교","공립","서울특별시 서대문구 북아현로5나길 84 (북아현동)",126.951959,37.559433
"서울북한산초등학교","공립","서울특별시 은평구 대서문길 42-3 (진관동)",126.950338,37.6540608
"서울불광초등학교","공립","서울특별시 은평구 불광로 51 , 서울불광초등학교 (불광동,불광초등학교)",126.9314006,37.6121262
"서울상신초등학교","공립","서울특별시 은평구 가좌로 361 (신사동)",126.913482,37.595667
"서울상암초등학교","공립","서울특별시 마포구 월드컵북로 353 (상암동)",126.8922651,37.5759905
"서울상지초등학교","공립","서울특별시 마포구 월드컵로42길 30 , 서울상지초등학교 (상암동)",126.8820619,37.5798092
"서울서강초등학교","공립","서울특별시 마포구 독막로 113 (상수동)",126.9267606,37.5472157
"서울서교초등학교","공립","서울특별시 마포구 와우산로23길 20-27  (서교동)",126.9251258,37.5546731
"서울서신초등학교","공립","서울특별시 은평구 은평터널로 150 (신사동)",126.9074411,37.5923108
"서울성산초등학교","공립","서울특별시 마포구 양화로3길 94 (합정동)",126.9111567,37.5534098
"서울성서초등학교","공립","서울특별시 마포구 성미산로7길 24 (성산동)",126.9111163,37.5605411
"서울성원초등학교","공립","서울특별시 마포구 월드컵로36길 34 (성산동,성원초등학교)",126.9046989,37.5670057
"서울소의초등학교","공립","서울특별시 마포구 마포대로24길 42 (아현동)",126.9608016,37.5522966
"서울수리초등학교","공립","서울특별시 은평구 불광로14길 10-10 , 서울수리초등학교 (불광동)",126.9342435,37.6204888
"서울수색초등학교","공립","서울특별시 은평구 수색로16길 21 (수색동)",126.8954934,37.5850571
"서울신도초등학교","공립","서울특별시 은평구 진관1로 77-23 , 서울신도초등학교 (진관동)",126.9289746,37.6328259
"서울신북초등학교","공립","서울특별시 마포구 월드컵북로38길 26 , (중동, 신북초등학교) ",126.9049488,37.5711718
"서울신사초등학교","공립","서울특별시 은평구 가좌로 275-2 , 서울신사초등학교 (신사동)",126.9123363,37.5926138
"서울신석초등학교","공립","서울특별시 마포구 대흥로 33 , 서울신석초등학교 (신수동)",126.937863,37.5440646
"서울아현초등학교","공립","서울특별시 마포구 굴레방로 6 (아현동)",126.9559661,37.5555103
"서울안산초등학교","공립","서울 서대문구 통일로 321 (홍제동,서울안산초등학교)",126.9515239,37.5790158
"서울역촌초등학교","공립","서울특별시 은평구 은평로3길 25 (역촌동)",126.9142657,37.6017363
"서울연가초등학교","공립","서울 서대문구 증가로12가길 49-50 (남가좌동,연가초등학교)",126.9180565,37.5797481
"서울연광초등학교","공립","서울특별시 은평구 연서로35길 37 (불광동,연광초등학교)",126.9240191,37.6239483
"서울연신초등학교","공립","서울특별시 은평구 연서로 347 (불광동)",126.9283856,37.6262803
"서울연은초등학교","공립","서울특별시 은평구 백련산로2길 35 , 서울연은초등학교 (응암동)",126.9252543,37.5903823
"서울연천초등학교","공립","서울특별시 은평구 연서로34길 22 , 서울연천초등학교 (불광동)",126.9294874,37.6208582
"서울연희초등학교","공립","서울특별시 서대문구 연희로 136 , 연희초등학교 (연희동)",126.9337793,37.5691448
"서울염리초등학교","공립","서울특별시 마포구 토정로37길 37 (염리동,염리초등학교)",126.9458067,37.5423427
"서울용강초등학교","공립","서울 마포구 백범로17길 9 (대흥동,용강초등학교)",126.9437789,37.548703
"서울은명초등학교","공립","서울 은평구 은평로4길 21-9 , 서울은명초등학교 (응암동,서울은명초등학교)",126.9190931,37.5978521
"서울은빛초등학교","공립","서울특별시 은평구 진관3로 73-17 , 서울은빛초등학교 (진관동)",126.9200278,37.6351712
"서울은진초등학교","공립","서울특별시 은평구 진관1로 21-20 (진관동)",126.9260151,37.6335071
"서울은평초등학교","공립","서울특별시 은평구 은평로 239 (녹번동)",126.9341059,37.6019568
"서울응암초등학교","공립","서울특별시 은평구 가좌로6길 20 (응암동)",126.9217624,37.5882608
"서울인왕초등학교","공립","서울 서대문구 세무서길 33-9 (홍제동,서울인왕초등학교)",126.9451366,37.5897211
"서울중동초등학교","공립","서울특별시 마포구 월드컵북로 152 (성산동)",126.9046351,37.5695969
"서울증산초등학교","공립","서울특별시 은평구 증산서길 61 (증산동)서울증산초등학교",126.9041985,37.5826149
"서울진관초등학교","공립","서울특별시 은평구 진관4로 78-16 , 서울진관초등학교 (진관동)",126.9295182,37.6450135
"서울창서초등학교","공립","서울특별시 서대문구 연세로5나길 30-3 , 서울창서초등학교 (창천동)",126.9338841,37.5576323
"서울창천초등학교","공립","서울특별시 마포구 백범로1길 56 , 서울창천초등학교 (노고산동)",126.939668,37.5550078
"서울하늘초등학교","공립","서울특별시 마포구 월드컵북로 502-14 , 서울하늘초등학교 (상암동)",126.8806962,37.5855241
"서울한서초등학교","공립","서울특별시 마포구 대흥로24바길 27 , 서울한서초등학교 (염리동)",126.949278,37.55348
"서울홍연초등학교","공립","서울특별시 서대문구 백련사길 55 , 서울홍연초등학교 (홍은동)",126.930807,37.581921
"서울홍은초등학교","공립","서울특별시 서대문구 세검정로 105 , 서울홍은초등학교 (홍제동)",126.9497214,37.5971417
"서울홍제초등학교","공립","서울특별시 서대문구 홍은중앙로 13 , 홍제초등학교 (홍은동)",126.9448893,37.5931888
"경기초등학교","사립","서울특별시 서대문구 경기대로9길 10 (충정로2가)",126.9624113,37.5648332
"명지초등학교","사립","서울특별시 서대문구 명지2길 32-20 (홍은동,명지초등학교)",126.9285572,37.5833097
"선일초등학교","사립","서울특별시 은평구 갈현로29길 27 , 선일초등학교 (갈현동)",126.9132521,37.6197216
"예일초등학교","사립","서울특별시 은평구 연서로 117 , 예일초등학교 (구산동)",126.9153078,37.6098339
"은혜초등학교","사립","서울특별시 은평구 통일로78가길 20 (불광동)",126.9275474,37.6177491
"이화여자대학교사범대학부속초등학교","사립","서울특별시 서대문구 성산로 512-39 (대신동)",126.9425565,37.5607293
"추계초등학교","사립","서울특별시 서대문구 북아현로11가길 7(북아현동)",126.9531684,37.5628641
"충암초등학교","사립","서울특별시 은평구 가좌로5길 5 , 충암초등학교 (응암동)",126.9225855,37.5852815
"홍익대학교사범대학부속초등학교","사립","서울특별시 마포구 성미산로 51 (성산동)",126.9136816,37.5593519
"서울가산초등학교","공립","서울특별시 금천구 남부순환로 1304-11 , 서울가산초등학교 (독산동)",126.896424,37.477878
"서울개명초등학교","공립","서울특별시 구로구 개봉로1다길 16-9 (개봉동,개명초등학교)",126.8502899,37.4828205
"서울개봉초등학교","공립","서울특별시 구로구 개봉로16길 30-11 (개봉동)",126.8583705,37.4897388
"서울개웅초등학교","공립","서울특별시 구로구 개봉로11길 98 서울개웅초등학교 (개봉동)",126.85004,37.488153
"서울고산초등학교","공립","서울특별시 구로구 중앙로 6 , 고산초등학교 (고척동)",126.8653435,37.499291
"서울고원초등학교","공립","서울특별시 구로구 경인로46길 13 , 서울고원초등학교 (고척동)",126.8657324,37.4974301
"서울고척초등학교","공립","서울특별시 구로구 경서로 31 (고척동)",126.8569941,37.5006668
"서울구로남초등학교","공립","서울특별시 구로구 디지털로27길 76 (구로동,구로남초등학교)",126.8907595,37.4848094
"서울구로초등학교","공립","서울특별시 구로구 구로중앙로27나길 9 , 서울구로초등학교 (구로동,구로초등학교)",126.8858694,37.4968195
"서울구일초등학교","공립","서울특별시 구로구 구일로 68 (구로동)",126.8729275,37.4927953
"서울금동초등학교","공립","서울특별시 금천구 금하로30길 53번지 , 서울금동초등학교 (시흥동)",126.91634,37.4474372
"서울금산초등학교","공립","서울특별시 금천구 시흥대로24길 57 , 서울금산초등학교 (시흥동)",126.9079799,37.4412711
"서울금천초등학교","공립","서울특별시 금천구 탑골로5길 60 (시흥동)",126.9126228,37.4546495
"서울당산초등학교","공립","서울특별시 영등포구 선유로55길 32 , 서울당산초등학교 (양평동4가)",126.8961727,37.5393978
"서울당서초등학교","공립","서울특별시 영등포구 당산로 187 (당산동5가)",126.8993393,37.5314821
"서울당중초등학교","공립","서울특별시 영등포구 선유로 131 , 당중초등학교 (양평동3가)",126.890007,37.5261771
"서울대길초등학교","공립","서울특별시 영등포구 대방천로 206 서울 대길초등학교",126.9134222,37.498042
"서울대동초등학교","공립","서울특별시 영등포구 대림로21길 6 , 서울대동초등학교 (대림동)",126.9000037,37.4931391
"서울대방초등학교","공립","서울특별시 영등포구 여의대방로35길 14 (신길동,대방초등학교)",126.9193659,37.5023472
"서울대영초등학교","공립","서울특별시 영등포구 신길로23길 43 (신길동)",126.9061518,37.5023694
"서울덕의초등학교","공립","서울특별시 구로구 고척로 213 , 서울덕의초등학교 (고척동)",126.8567331,37.5060123
"서울도림초등학교","공립","서울특별시 영등포구 가마산로65길 22 (신길동)",126.9070328,37.5079604
"서울도신초등학교","공립","서울특별시 영등포구 도림로53길 32-9 , 서울도신초등학교 (대림동)",126.900567,37.4988358
"서울독산초등학교","공립","서울특별시 금천구 시흥대로104길 31 독산초등학교(독산동)",126.9000078,37.4651014
"서울동구로초등학교","공립","서울특별시 구로구 구로중앙로14길 43 (구로동)",126.8923106,37.4950456
"서울두산초등학교","공립","서울특별시 금천구 범안로11길 3 , 서울두산초등학교 (독산동)",126.8911197,37.4674898
"서울매봉초등학교","공립","서울특별시 구로구 고척로21길 55 , 서울매봉초등학교 (개봉동)",126.8444288,37.5045678
"서울문교초등학교","공립","서울특별시 금천구 독산로54길 102 (독산동, 문교초등학교)",126.9087569,37.4663236
"서울문래초등학교","공립","서울특별시 영등포구 문래로 104 (문래동3가,문래초등학교)",126.8932569,37.5185669
"서울문백초등학교","공립","서울특별시 금천구 시흥대로 47길  , 43-1 ",126.8995074,37.4470088
"서울문성초등학교","공립","서울특별시 금천구 시흥대로 460 , 서울문성초등학교 (독산동)",126.8994644,37.4747768
"서울미래초등학교","공립","서울특별시 구로구 새말로 73 , 서울미래초등학교 (구로동)",126.8880222,37.5049915
"서울백산초등학교","공립","서울특별시 금천구 시흥대로38길 78 , 서울백산초등학교 (시흥동,당직실)",126.9050911,37.4465482
"서울선유초등학교","공립","서울특별시 영등포구 선유로43가길 14 (양평동3가,서울선유초등학교)",126.8926465,37.5326104
"서울세곡초등학교","공립","서울특별시 구로구 고척로33길 34 (고척동, 세곡초등학교)",126.8491236,37.5045632
"서울시흥초등학교","공립","서울특별시 금천구 독산로23길 26 (시흥동)",126.9049575,37.4546436
"서울신구로초등학교","공립","서울특별시 구로구 가마산로27길 69 (구로동)",126.8893658,37.499552
"서울신대림초등학교","공립","서울특별시 영등포구 대림로8길 25",126.9058212,37.492244
"서울신도림초등학교","공립","서울특별시 구로구 신도림로19길 44 , 서울신도림초등학교 (신도림동)",126.8829526,37.5121509
"서울신미림초등학교","공립","서울특별시 구로구 신도림로 26 , (신미림초등학교) (신도림동)",126.8794885,37.5068909
"서울신영초등학교","공립","서울특별시 영등포구 도신로4길 32 (대림동, 신영초등학교)",126.8960072,37.5003192
"서울신흥초등학교","공립","서울특별시 금천구 독산로36나길 21 , 서울신흥초등학교 (시흥동)",126.9080905,37.4596881
"서울안천초등학교","공립","서울특별시 금천구 한내로 69-16 (독산동)",126.8883555,37.4585946
"서울여의도초등학교","공립","서울특별시 영등포구 여의대방로 439 (여의도동)",126.936812,37.522829
"서울영남초등학교","공립","서울특별시 금천구 문성로 62-15 (독산동,서울영남초등학교)",126.9098676,37.4754336
"서울영동초등학교","공립","서울특별시 영등포구 국회대로53길 20 , 서울영동초등학교 (당산동)",126.9072024,37.5266443
"서울영등포초등학교","공립","서울특별시 영등포구 경인로 756 (문래동1가)",126.8983677,37.5126511
"서울영림초등학교","공립","서울특별시 영등포구 시흥대로173길 14 , 서울영림초등학교 (대림동)",126.9024751,37.4873472
"서울영문초등학교","공립","서울특별시 영등포구 문래로 56 , 서울영문초등학교 (문래동6가)",126.8876463,37.51965
"서울영서초등학교","공립","서울특별시 구로구 도림로20길 57 (구로동)",126.8946742,37.4882883
"서울영신초등학교","공립","서울특별시 영등포구 도신로60길 23 (신길동)",126.918009,37.509968
"서울영원초등학교","공립","서울특별시 영등포구 도영로 22길 31 (도림동)",126.9022107,37.5106756
"서울영일초등학교","공립","서울특별시 구로구 남부순환로105길 218 , 서울영일초등학교 (가리봉동)",126.8837032,37.4853208
"서울영중초등학교","공립","서울특별시 영등포구 양산로 185 (영등포동7가)",126.9038411,37.5233936
"서울오류남초등학교","공립","서울특별시 구로구 서해안로24길 22 , 서울오류남초등학교 (오류동)",126.8385686,37.4893473
"서울오류초등학교","공립","서울특별시 구로구 경인로19길 39 (오류동,서울오류초등학교)",126.8423458,37.4981796
"서울오정초등학교","공립","서울특별시 구로구 경인로2길 10 , 서울오정초등학교 (오류동)",126.8262365,37.4897359
"서울온수초등학교","공립","서울특별시 구로구 부일로 893 (온수동,온수초등학교)",126.8259576,37.494228
"서울우신초등학교","공립","서울특별시 영등포구 신길로 190 , 서울우신초등학교 (신길동)",126.9117832,37.5092628
"서울윤중초등학교","공립","서울특별시 영등포구 여의나루로2길 14 (여의도동)",126.9228068,37.5197467
"서울정심초등학교","공립","서울특별시 금천구 독산로78다길 89 (독산동,정심초등학교)",126.9083123,37.4717118
"서울천왕초등학교","공립","서울특별시 구로구 천왕로1길 11 (천왕동)",126.8374889,37.4815891
"서울탑동초등학교","공립","서울특별시 금천구 탑골로 47-3 , 서울탑동초등학교 (시흥동)",126.9143956,37.4525754
"동광초등학교","사립","서울특별시 금천구 탑골로10길 45 (시흥동)",126.916402,37.4513899
"서울가인초등학교","공립","서울특별시 도봉구 도봉로136다길 4 (창동)",127.0431592,37.6599068
"서울계상초등학교","공립","서울특별시 노원구 한글비석로41가길 24 , 서울계상초등학교 (상계동)",127.0680689,37.6627685
"서울공릉초등학교","공립","서울특별시 노원구 동일로173길 12 (공릉동,서울공릉초등학교)",127.0741878,37.6188016
"서울공연초등학교","공립","서울특별시 노원구 동일로192가길 16 (공릉동,서울공연초등학교)",127.0743751,37.6268625
"서울노원초등학교","공립","서울특별시 노원구 동일로230나길 32 (상계동)",127.0582937,37.6733178
"서울노일초등학교","공립","서울특별시 노원구 동일로 1625 , 서울노일초등학교 (상계동)",127.0547368,37.6734953
"서울녹천초등학교","공립","서울특별시 노원구 마들로3길 34 (월계동,서울녹천초등학교)",127.0633545,37.6287136
"서울누원초등학교","공립","서울특별시 도봉구 마들로 859-44 (도봉동, 서울누원초등학교)",127.0498202,37.6864659
"서울당현초등학교","공립","서울특별시 노원구 동일로213길 52 (상계동) 서울당현초등학교",127.058454,37.6485979
"서울덕암초등학교","공립","서울특별시 노원구 덕릉로112길 68 (상계동,서울덕암초등학교)",127.0809566,37.66633
"서울도봉초등학교","공립","서울특별시 도봉구 도봉로173길 96 (도봉동)",127.038218,37.6793783
"서울동일초등학교","공립","서울특별시 노원구 한글비석로 566 (상계동,동일초등학교)",127.05457,37.664941
"서울방학초등학교","공립","서울특별시 도봉구 도당로9길 34 (방학동)",127.0321675,37.6640285
"서울백운초등학교","공립","서울특별시 도봉구 삼양로146길 17 , 서울백운초등학교 (쌍문동)",127.0135747,37.6529138
"서울불암초등학교","공립","서울특별시 노원구 중계로 178 , 서울불암초등학교 (중계동)",127.080346,37.650998
"서울상경초등학교","공립","서울특별시 노원구 수락산로 237 , 서울상경초등학교 (상계동)",127.0516814,37.6703596
"서울상계초등학교","공립","서울특별시 노원구 상계로9길 39 (상계동,상계초등학교)",127.0660285,37.6591689
"서울상곡초등학교","공립","서울특별시 노원구 노원로38길 34 , 서울상곡초등학교 (상계동)",127.0627589,37.6626151
"서울상수초등학교","공립","서울특별시 노원구 동일로216길 66 (상계동,상수초등학교)",127.0648197,37.6515537
"서울상원초등학교","공립","서울특별시 노원구 한글비석로54길 119 (상계동)",127.0598254,37.6671878
"서울상월초등학교","공립","서울특별시 노원구 동일로221길 27 (상계동, 상월초등학교)",127.05707,37.658608
"서울상천초등학교","공립","서울특별시 노원구 덕릉로 443  서울상천초등학교 (상계동)",127.0577927,37.6459711
"서울선곡초등학교","공립","서울특별시 노원구 광운로2길 1 , 서울선곡초등학교 (월계동)",127.0580158,37.6183632
"서울수락초등학교","공립","서울특별시 노원구 동일로 1745 , 서울수락초등학교 (상계동)",127.0545019,37.6842159
"서울수암초등학교","공립","서울특별시 노원구 중계로12길 9 , (중계동, 수암초등학교) (중계동)",127.0815238,37.6481972
"서울숭미초등학교","공립","서울특별시 도봉구 노해로 179 (쌍문동, 숭미초등학교)",127.0277468,37.6507847
"서울신계초등학교","공립","서울특별시 노원구 초안산로 29 , 서울신계초등학교 (월계동)",127.0529307,37.6304076
"서울신방학초등학교","공립","서울특별시 도봉구 시루봉로 173 (방학동,신방학초등학교)",127.0293228,37.6659125
"서울신상계초등학교","공립","서울특별시 노원구 상계로 267 , 서울신상계초등학교 (상계동)",127.0755956,37.6680427
"서울신창초등학교","공립","서울특별시 도봉구 덕릉로60길 93 , 신창초등학교 (창동)",127.0418612,37.6365444
"서울신학초등학교","공립","서울특별시 도봉구 방학로 247-21 (방학동)",127.0255131,37.6609904
"서울신화초등학교","공립","서울특별시 도봉구 우이천로 120 (창동,신화초등학교)",127.041239,37.632556
"서울쌍문초등학교","공립","서울특별시 도봉구 우이천로 360 (쌍문동)",127.0237865,37.6497746
"서울연지초등학교","공립","서울특별시 노원구 월계로55길 48 (월계동)",127.059984,37.6334788
"서울연촌초등학교","공립","서울특별시 노원구 공릉로58길 36 (하계동)",127.0728621,37.6350647
"서울오봉초등학교","공립","서울특별시 도봉구 시루봉로 285 (도봉동,서울오봉초등학교)",127.040433,37.671412
"서울온곡초등학교","공립","서울특별시 노원구 한글비석로52길 59 , 서울온곡초등학교 (상계동)",127.0661525,37.6673296
"서울용동초등학교","공립","서울특별시 노원구 한글비석로1길 81-11 (중계동,용동초등학교)",127.069431,37.641555
"서울용원초등학교","공립","서울특별시 노원구 섬밭로 144 , 서울용원초등학교 (공릉동)",127.06857,37.6296954
"서울원광초등학교","공립","서울특별시 노원구 덕릉로 76길 18 (중계동,원광초등학교)",127.0749048,37.6543527
"서울월계초등학교","공립","서울특별시 노원구 월계로45가길 10 서울월계초등학교",127.0506942,37.6277315
"서울월천초등학교","공립","서울특별시 도봉구 노해로70길 96 (창동,서울월천초등학교)",127.0518489,37.6477484
"서울을지초등학교","공립","서울특별시 노원구 중계로 239 (중계동)",127.0731299,37.6503519
"서울자운초등학교","공립","서울특별시 도봉구 마들로13길 166 (창동,자운초등학교)",127.046766,37.657803
"서울중계초등학교","공립","서울특별시 노원구 한글비석로19길 39 중계초등학교 (중계동)",127.073235,37.657386
"서울중원초등학교","공립","서울특별시 노원구 섬밭로 316 , 서울중원초등학교 (중계동)",127.062848,37.643471
"서울중평초등학교","공립","서울특별시 노원구 섬밭로 241 , 서울중평초등학교 (하계동)",127.0640123,37.6375724
"서울중현초등학교","공립","서울특별시 노원구 섬밭로 181 , , 서울중현초등학교 (하계동, 중현초등학교)",127.0663479,37.6324172
"서울창경초등학교","공립","서울특별시 도봉구 도봉로129길 54 (쌍문동,창경초등학교)",127.0349582,37.6565009
"서울창도초등학교","공립","서울특별시 도봉구 방학로 32-28 (방학동)",127.0490956,37.663831
"서울창동초등학교","공립","서울특별시 도봉구 해등로16길 81 (창동,창동초등학교)",127.0447938,37.6553307
"서울창림초등학교","공립","서울특별시 도봉구 덕릉로63길 46 (창동)",127.0415487,37.6429724
"서울창원초등학교","공립","서울특별시 도봉구 해등로 103 (창동)",127.040553,37.6525531
"서울창일초등학교","공립","서울특별시 도봉구 노해로66길 84 (창동)",127.0476797,37.6471695
"서울청계초등학교","공립","서울특별시 노원구 공릉로 431 , 서울청계초등학교 (중계동)",127.0662161,37.6447157
"서울초당초등학교","공립","서울특별시 도봉구 해등로32길 11 (방학동)",127.0221014,37.6584988
"서울태랑초등학교","공립","서울특별시 노원구 화랑로51나길 31 , 태랑초등학교 (공릉동)",127.0909013,37.6258074
"서울태릉초등학교","공립","서울특별시 노원구 노원로1길 36 (공릉동)",127.0852435,37.6228668
"서울한천초등학교","공립","서울특별시 노원구 마들로 45 (월계동)",127.069013,37.6204638
"동북초등학교","사립","서울특별시 도봉구 시루봉로 53 (쌍문동)",127.0268289,37.655351
"상명초등학교","사립","서울특별시 노원구 덕릉로 541 , 상명초등학교 (중계동)",127.0675064,37.6484038
"청원초등학교","사립","서울특별시 노원구 한글비석로 506 (상계동, 청원초등학교)",127.0613588,37.6656607
"태강삼육초등학교","사립","서울특별시 노원구 화랑로 815 , 태강삼육초등학교 (공릉동)",127.1104755,37.6418084
"한신초등학교","사립","서울특별시 도봉구 노해로49길 69 (쌍문동,한신초등학교)",127.0326562,37.652803
"화랑초등학교","사립","서울특별시 노원구 화랑로 621 , 서울여자대학교 (공릉동)",127.0904568,37.6281126
"서울대학교사범대학부설초등학교","국립","서울특별시 종로구 대학로 64 (이화동)",127.0045565,37.5774071
"서울광희초등학교","공립","서울특별시 중구 다산로 269 , 서울광희초등학교 (신당동)",127.0151603,37.5672007
"서울교동초등학교","공립","서울특별시 종로구 삼일대로 446 , 서울교동초등학교 (경운동)",126.9876171,37.5751161
"서울금양초등학교","공립","서울특별시 용산구 효창원로 137 (효창동)",126.9605199,37.5406302
"서울남산초등학교","공립","서울특별시 중구 퇴계로22길 17 , 서울남산초등학교 (남산동2가)",126.9867189,37.559758
"서울남정초등학교","공립","서울특별시 용산구 원효로64길 17-10 (원효로2가,남정초등학교)",126.9651383,37.5363161
"서울덕수초등학교","공립","서울특별시 중구 덕수궁길 140 (정동)",126.9744424,37.5685606
"서울독립문초등학교","공립","서울특별시 종로구 통일로12길 23 , (무악동)",126.9602252,37.5741434
"서울매동초등학교","공립","서울특별시 종로구 사직로9길 19 (필운동,매동초등학교(본관동))",126.9668806,37.5772044
"서울명신초등학교","공립","서울특별시 종로구 낙산길 250 , 명신초등학교 (창신동)",127.0139101,37.5813392
"서울보광초등학교","공립","서울특별시 용산구 우사단로 20 (이태원동)",126.9963061,37.5324844
"서울봉래초등학교","공립","서울특별시 중구 손기정로 73 , 서울봉래초등학교 (만리동2가)",126.9638987,37.5563053
"서울삼광초등학교","공립","서울특별시 용산구 두텁바위로1나길 19 (후암동)",126.9768231,37.5473619
"서울서빙고초등학교","공립","서울특별시 용산구 서빙고로51길 14 (서빙고동)",126.9921325,37.5214444
"서울세검정초등학교","공립","서울특별시 종로구 세검정로9길1 (신영동)",126.9613843,37.6034769
"서울신당초등학교","공립","서울특별시 중구 난계로 141 (신당동)",127.0237741,37.563715
"서울신용산초등학교","공립","서울특별시 용산구 이촌로 255 (이촌동)",126.9756071,37.520194
"서울용산초등학교","공립","서울특별시 용산구 한강대로57길 33 (청파동3가)",126.9723321,37.5353163
"서울용암초등학교","공립","서울특별시 용산구 녹사평대로60길 39 (용산동2가) 용암초등학교",126.989469,37.5453432
"서울원효초등학교","공립","서울특별시 용산구 효창원로13길 38 , 서울원효초등학교 (산천동)",126.9516606,37.5362134
"서울이태원초등학교","공립","서울특별시 용산구 녹사평대로40길 19 , 이태원초등학교 (이태원동)",126.9879974,37.5359766
"서울장충초등학교","공립","서울특별시 중구 청구로17길 40 (신당동, 장충초등학교(창고))",127.0111323,37.559504
"서울재동초등학교","공립","서울특별시 종로구 북촌로4길 7 , 서울특별시 종로구 가회동 210번지 (가회동)",126.9855858,37.5799027
"서울창신초등학교","공립","서울특별시 종로구 지봉로 73 , 서울창신초등학교 (창신동)",127.0144101,37.5763398
"서울청구초등학교","공립","서울특별시 중구 다산로 170 , 서울청구초등학교 (신당동)",127.013938,37.558314
"서울청운초등학교","공립","서울특별시 종로구 자하문로 105 , 청운초등학교 (청운동)",126.9693286,37.5859415
"서울청파초등학교","공립","서울특별시 용산구 효창원로 228 (청파동2가)",126.9663212,37.547037
"서울충무초등학교","공립","서울특별시 중구 퇴계로50길 13 (장충동2가)",127.0017451,37.5620636
"서울한강초등학교","공립","서울특별시 용산구 한강대로14길 9 , 서울한강초등학교 (한강로3가)",126.9650904,37.5252025
"서울한남초등학교","공립","서울특별시 용산구 한남대로 112 (한남동,한남초등학교)",127.0049958,37.5389175
"서울혜화초등학교","공립","서울특별시 종로구 혜화로 32 , 서울혜화초등학교 (혜화동)",126.9998562,37.5890788
"서울효제초등학교","공립","서울특별시 종로구 대학로 12 (효제동,서울효제초등학교)",127.0029392,37.5725623
"서울후암초등학교","공립","서울특별시 용산구 두텁바위로 140 (후암동)",126.9823336,37.5509911
"서울흥인초등학교","공립","서울특별시 중구 청구로6길 11 (신당동, 서울흥인초등학교)",127.0142995,37.5604251
"동산초등학교","사립","서울특별시 중구 매봉18길 109 동산초등학교 (신당동)",127.0168549,37.5558424
"리라초등학교","사립","서울특별시 중구 소파로2길 7 (예장동)",126.9885837,37.5579702
"상명대학교사범대학부속초등학교","사립","서울특별시 종로구 홍지문2길 1 , 상명사대부속초등학교 (홍지동, 상명초등학교)",126.9562296,37.6008592
"숭의초등학교","사립","서울특별시 중구 소파로2길 10 (예장동,숭의여자대학)",126.9874967,37.5563973
"신광초등학교","사립","서울특별시 용산구 청파로 263 , 학교법인신광학원 (청파동3가)",126.9648311,37.5463644
"운현초등학교","사립","서울특별시 종로구 삼일대로 460 , (운니동, 운현초등학교 (운니동)",126.9881627,37.5756728
"서울가동초등학교","공립","서울특별시 송파구 중대로20길 47 (가락동)",127.130219,37.4973198
"서울가락초등학교","공립","서울특별시 송파구 송파대로37길 45 (가락동,가락초등학교)",127.1077921,37.4997675
"서울가원초등학교","공립","서울특별시 송파구 중대로4길 8 (문정동)",127.1110221,37.4893692
"서울가주초등학교","공립","서울특별시 송파구 오금로40길 37 (가락동)",127.1293812,37.4965216
"서울강덕초등학교","공립","서울특별시 강동구 동남로82길 94-54 (고덕동,서울강덕초등학교)",127.1603131,37.5589001
"서울강동초등학교","공립","서울특별시 강동구 상암로14길 77 , 서울강동초등학교 (천호동)",127.1300393,37.5461969
"서울강명초등학교","공립","서울특별시 강동구 상일로 , 74-1",127.1733219,37.5548237
"서울강일초등학교","공립","서울특별시 강동구 아리수로98길 24 , 서울강일초등학교 (강일동)",127.1773706,37.5651447
"서울개롱초등학교","공립","서울특별시 송파구 문정로 211 (오금동)",127.1398426,37.4973677
"서울거여초등학교","공립","서울특별시 송파구 마천로25길 18 (오금동, 거여초등학교)",127.1408721,37.5046842
"서울거원초등학교","공립","서울특별시 송파구 양산로2길 26 (거여동,거원초등학교)",127.1447579,37.4878179
"서울고덕초등학교","공립","서울특별시 강동구 아리수로82길 42 (고덕동) 고덕초등학교",127.1665624,37.5607056
"서울고명초등학교","공립","서울특별시 강동구 고덕로46길 53 , 서울고명초등학교 (명일동)",127.1468816,37.5529726
"서울고일초등학교","공립","서울특별시 강동구 구천면로93길 20 (상일동,서울고일초등학교)",127.1688958,37.5519289
"서울길동초등학교","공립","서울특별시 강동구 양재대로116길 69 (길동,길동초등학교)",127.1447715,37.5380673
"서울남천초등학교","공립","서울특별시 송파구 성내천로 207 (마천동,남천초등학교)",127.1504486,37.5014492
"서울대명초등학교","공립","서울특별시 강동구 상암로 271 (명일동)",127.1532863,37.5470959
"서울둔촌초등학교","공립","서울특별시 강동구 양재대로88길 27 (둔촌동)",127.1375921,37.5260751
"서울마천초등학교","공립","서울특별시 송파구 마천로61다길 24 (마천동)",127.1524746,37.4954974
"서울명덕초등학교","공립","서울특별시 강동구 양재대로156길 11 (고덕동)",127.1460547,37.5568201
"서울명원초등학교","공립","서울특별시 강동구 명일로 364 (명일동)서울명원초등학교",127.1503974,37.5508081
"서울명일초등학교","공립","서울특별시 강동구 고덕로38길 8 , 서울명일초등학교 (암사동,서울명일초등학교)",127.142162,37.5541887
"서울묘곡초등학교","공립","서울특별시 강동구 동남로79길 46 , 묘곡초등학교 (고덕동)",127.1531495,37.558505
"서울문덕초등학교","공립","서울특별시 송파구 송이로34길 60 (문정동)",127.1275633,37.4852891
"서울문정초등학교","공립","서울특별시 송파구 문정로5길 20 , 서울문정초등학교 (문정동)",127.128957,37.4891859
"서울문현초등학교","공립","서울특별시 송파구 충민로 137 (장지동)",127.1302443,37.4827534
"서울방산초등학교","공립","서울특별시 송파구 오금로27길 42 (방이동)",127.1210128,37.5093221
"서울방이초등학교","공립","서울특별시 송파구 위례성대로10길 4 , 서울방이초등학교 (방이동)",127.1205626,37.5130915
"서울버들초등학교","공립","서울특별시 송파구 석촌호수로 81 , 서울버들초등학교 (잠실동)",127.0890283,37.5103926
"서울삼전초등학교","공립","서울특별시 송파구 백제고분로28길 19 (삼전동)",127.092488,37.50135
"서울상일초등학교","공립","서울시 강동구 천호대로  1477",127.1723531,37.5471517
"서울석촌초등학교","공립","서울특별시 송파구 가락로11길 26 (석촌동,석촌초등학교)",127.1048724,37.5027584
"서울선린초등학교","공립","서울특별시 강동구 진황도로61길 29 (둔촌동,선린초등학교)",127.1458768,37.5295846
"서울선사초등학교","공립","서울특별시 강동구 올림픽로 837 (암사동)",127.1284369,37.5558399
"서울성내초등학교","공립","서울특별시 강동구 성내로3길 19 (성내동,서울성내초등학교)",127.1225668,37.5313725
"서울성일초등학교","공립","서울특별시 강동구 성내로15길 33 , 서울성일초등학교 (성내동)",127.1283671,37.5291658
"서울세륜초등학교","공립","서울특별시 송파구 양재대로 1264 (방이동,세륜초등학교)",127.1335391,37.518599
"서울송례초등학교","공립","서울특별시 송파구 위례순환로 439 (장지동) 서울송례초등학교",127.1383172,37.4777421
"서울송전초등학교","공립","서울특별시 송파구 석촌호수로 159 (잠실동)",127.0949748,37.5084993
"서울송파초등학교","공립","서울특별시 송파구 백제고분로 400 (송파동)",127.1107382,37.5070348
"서울신가초등학교","공립","서울특별시 송파구 송이로 75 (가락동) 43-1",127.1198579,37.5003769
"서울신명초등학교","공립","서울특별시 강동구 명일로24길 33 , 서울신명초등학교 (길동)",127.1495079,37.5409478
"서울신암초등학교","공립","서울특별시 강동구 올림픽로93길 33-16 , 서울신암초등학교 (암사동)",127.1244002,37.549484
"서울신천초등학교","공립","서울특별시 송파구 올림픽로 215 , 서울신천초등학교 (잠실동,잠실주공아파트5단지)",127.0950429,37.51396
"서울아주초등학교","공립","서울특별시 송파구 올림픽로4길 59 , 서울아주초등학교 (잠실동)",127.0757276,37.505875
"서울영풍초등학교","공립","서울특별시 송파구 오금로57길 15 , (거여동)",127.1419556,37.4954512
"서울오금초등학교","공립","서울특별시 송파구 위례성대로22길 11 (오금동,오금초등학교)",127.1318173,37.5090168
"서울오륜초등학교","공립","서울특별시 송파구 양재대로 1196 , 서울오륜초등학교 (방이동)",127.1347813,37.5122054
"서울위례별초등학교","공립","서울특별시 송파구 위례광장로 243 , 서울위례별초등학교 (장지동)",127.14503,37.4789306
"서울위례초등학교","공립","서울특별시 강동구 명일로 23 , 서울위례초등학교 (둔촌동)",127.1371774,37.5257926
"서울잠동초등학교","공립","서울특별시 송파구 올림픽로35길 122 (신천동)",127.1015754,37.5190781
"서울잠신초등학교","공립","서울특별시 송파구 잠실로 32 (잠실동)",127.0879195,37.5141325
"서울잠실초등학교","공립","서울특별시 송파구 올림픽로35길 20 (신천동,잠실초등학교)",127.1114301,37.5202095
"서울잠일초등학교","공립","서울특별시 송파구 올림픽로 95 (잠실동, 서울잠일초등학교)",127.081572,37.5148763
"서울잠전초등학교","공립","서울특별시 송파구 올림픽로12길 51 , (잠실동,서울잠전초등학교) ",127.0842942,37.5070162
"서울잠현초등학교","공립","서울특별시 송파구 올림픽로37길 109 (신천동)",127.0995,37.5200705
"서울중대초등학교","공립","서울특별시 송파구 송파대로36길 8 , 서울중대초등학교 (송파동)",127.1136152,37.4994509
"서울천동초등학교","공립","서울특별시 강동구 성안로 200 , 서울천동초등학교 (길동)",127.1375658,37.5405686
"서울천일초등학교","공립","서울특별시 강동구 구천면로 266 , 서울천일초등학교 (천호동)",127.1333193,37.5442053
"서울천호초등학교","공립","서울특별시 강동구 구천면로 310-11 , 천호초등학교 (천호동)",127.1365471,37.5473393
"서울토성초등학교","공립","서울특별시 송파구 풍성로20길 44 , (풍납동, 토성초등학교)",127.115339,37.531872
"서울평화초등학교","공립","서울특별시 송파구 송파대로26길 22 , 서울평화초등학교 (가락동)",127.1226798,37.4915188
"서울풍납초등학교","공립","서울특별시 송파구 풍성로 43 (풍납동)",127.1174625,37.5348603
"서울풍성초등학교","공립","서울특별시 송파구 강동대로2길 13 , (풍납동,풍성초등학교)",127.1132908,37.5259311
"서울한산초등학교","공립","서울특별시 강동구 풍성로 261 , 서울한산초등학교 (둔촌동)",127.1414269,37.5280147
"서울가곡초등학교","공립","서울특별시 강서구 공항대로36길 74 (내발산동,가곡초등학교)",126.8358171,37.5553392
"서울가양초등학교","공립","서울특별시 강서구 허준로 186 (가양동) 서울가양초등학교 ",126.8589813,37.5615888
"서울갈산초등학교","공립","서울특별시 양천구 목동로 31 (신정동,서울갈산초등학교)",126.8701205,37.5116229
"서울강서초등학교","공립","서울특별시 양천구 오목로 31 (신월동)",126.8409133,37.5223088
"서울강신초등학교","공립","서울특별시 양천구 월정로 280 (신월동)",126.8295869,37.5428793
"서울강월초등학교","공립","서울특별시 양천구 신월로 97 서울강월초등학교 (신월동)",126.8340791,37.5160347
"서울개화초등학교","공립","서울특별시 강서구 양천로 11 , 서울개화초등학교 (방화동)",126.804403,37.5734475
"서울경인초등학교","공립","서울특별시 양천구 안양천로 1009 (목동,서울경인초등학교)",126.8864239,37.5325929
"서울계남초등학교","공립","서울특별시 양천구 목동동로2길 54 , 서울계남초등학교 (신정동)",126.8602049,37.5097063
"서울공진초등학교","공립","서울특별시 강서구 마곡서로 33 (마곡동)",126.8371567,37.5724772
"서울공항초등학교","공립","서울특별시 강서구 마곡서1로 68 (마곡동)",126.8215639,37.5632004
"서울남명초등학교","공립","서울특별시 양천구 중앙로23길 3 (신정동,서울남명초등학교)",126.8537886,37.5154833
"서울내발산초등학교","공립","서울특별시 강서구 강서로46길 23 , 내발산초등학교 (내발산동)",126.8377337,37.5512842
"서울등마초등학교","공립","서울특별시 강서구 등촌로35길 12 (등촌동)서울등마초등학교",126.8616205,37.5419246
"서울등명초등학교","공립","서울특별시 강서구 강서로56나길 34 , 등명초등학교 (등촌동)",126.8417864,37.5608685
"서울등서초등학교","공립","서울특별시 강서구 화곡로58길 86 , 서울등서초등학교 (화곡동)",126.8548709,37.55159
"서울등양초등학교","공립","서울특별시 강서구 강서로56나길 140 , 서울등양초등학교 (등촌동)",126.8447882,37.5644493
"서울등원초등학교","공립","서울특별시 강서구 화곡로65길 90 , 서울등원초등학교 (등촌동)",126.8500835,37.5603228
"서울등촌초등학교","공립","서울특별시 강서구 등촌로39길 71 (등촌동,등촌초등학교)",126.8581484,37.5474794
"서울등현초등학교","공립","서울특별시 강서구 화곡로65길 124 (등촌동, 서울등현초등학교)",126.8478066,37.5612044
"서울목동초등학교","공립","서울특별시 양천구 목동동로12길 12 (신정동)",126.8721597,37.5224861
"서울목운초등학교","공립","서울특별시 양천구 목동동로 235 , 서울목운초등학교 (목동)",126.8729254,37.5267322
"서울목원초등학교","공립","서울특별시 양천구 목동중앙로 204 (목동)",126.8824793,37.5427277
"서울발산초등학교","공립","서울특별시 강서구 강서로45길 113 (내발산동)",126.8310504,37.5503201
"서울방화초등학교","공립","서울특별시 강서구 양천로6길 92 (방화동)",126.8063749,37.5686983
"서울백석초등학교","공립","서울특별시 강서구 공항대로 491 (등촌동,백석초등학교)",126.862182,37.5534426
"서울삼정초등학교","공립","서울특별시 강서구 금낭화로 222 , 방화3동 (방화동)",126.8108471,37.5803891
"서울서정초등학교","공립","서울특별시 양천구 목동로8길 19 , 서울서정초등학교 (목동)",126.8670389,37.5241668
"서울송정초등학교","공립","서울특별시 강서구 공항대로3길 18 (공항동,송정초등학교)",126.8109304,37.5621435
"서울송화초등학교","공립","서울특별시 강서구 방화대로 34길 2 (방화동)",126.8174657,37.5682828
"서울수명초등학교","공립","서울특별시 강서구 수명로1길 84 , 서울수명초등학교 (내발산동)",126.823455,37.5527211
"서울신강초등학교","공립","서울특별시 양천구 중앙로55길 72 , 서울신강초등학교 (신월동)",126.841651,37.525787
"서울신곡초등학교","공립","서울특별시 강서구 등촌로13자길 42-14 , 서울신곡초등학교 (화곡동)",126.8558156,37.5386194
"서울신기초등학교","공립","서울특별시 양천구 신정로 292 , 서울신기초등학교 (신정동)",126.8539832,37.5109561
"서울신남초등학교","공립","서울특별시 양천구 절골8길 33 (신월동)",126.844269,37.5162714
"서울신목초등학교","공립","서울특별시 양천구 신목로5길 11-6 , 서울신목초등학교 (신정동)",126.8728979,37.5168168
"서울신서초등학교","공립","서울특별시 양천구 목동서로10길 35 (신정동 312-1번지)",126.8624543,37.5201495
"서울신원초등학교","공립","서울특별시 양천구 남부순환로58길 32 (신월동)",126.8299687,37.5295272
"서울신월초등학교","공립","서울특별시 강서구 강서로31길 48 , 서울신월초등학교 (화곡동)",126.8390394,37.5399522
"서울신은초등학교","공립","서울특별시 양천구 신정이펜2로 30 (신정동)",126.8320256,37.5139921
"서울신정초등학교","공립","서울특별시 강서구 곰달래로31가길 27 , 서울신정초등학교 (화곡동)",126.852581,37.5326386
"서울양강초등학교","공립","서울특별시 양천구 오목로 101 (신월동)",126.8479995,37.5240784
"서울양동초등학교","공립","서울특별시 양천구 오목로23길 24 (신정동, 서울양동초등학교)",126.851122,37.526149
"서울양명초등학교","공립","서울특별시 양천구 중앙로 204 (신정동)",126.8626511,37.5075206
"서울양목초등학교","공립","서울특별시 양천구 목동로11길 30 , 신정4동 1001 (신정동)",126.8612044,37.5236213
"서울양원초등학교","공립","서울특별시 양천구 화곡로 16 (신월동)",126.8233181,37.5384029
"서울양천초등학교","공립","서울특별시 강서구 양천로 329 , 서울양천초등학교  (가양동)",126.8395941,37.569893
"서울양화초등학교","공립","서울특별시 양천구 목동중앙북로16길 57 양화초등학교 (목동)",126.8739289,37.5436987
"서울염강초등학교","공립","서울특별시 강서구 허준로 221-22 (가양동)",126.8644193,37.5611473
"서울염경초등학교","공립","서울특별시 강서구 양천로69길 49 , 서울염경초등학교 (염창동)",126.8715559,37.5548296
"서울염동초등학교","공립","서울특별시 강서구 양천로73길 17 (염창동)",126.872373,37.5521222
"서울염창초등학교","공립","서울특별시 강서구 양천로 646-28 , 서울염창초등학교 (염창동)",126.8676749,37.553083
"서울영도초등학교","공립","서울특별시 양천구 목동중앙로 70 , 서울영도초등학교 (목동)",126.8714808,37.5356478
"서울우장초등학교","공립","서울특별시 강서구 화곡로 263 (화곡동)",126.8460773,37.5492011
"서울월정초등학교","공립","서울특별시 강서구 월정로 176 (화곡동)",126.8360595,37.5347268
"서울월촌초등학교","공립","서울특별시 양천구 목동중앙로 132 , 서울월촌초등학교 (목동)",126.876119,37.540064
"서울은정초등학교","공립","서울특별시 양천구 목동남로 85 , 서울은정초등학교 (신정동)",126.8673455,37.5112042
"서울장수초등학교","공립","서울특별시 양천구 신정로13가길 30 (신정동)",126.8450848,37.512878
"서울정곡초등학교","공립","서울특별시 강서구 방화대로50길 22 정곡초등학교 (방화동)",126.8188873,37.5765464
"서울정목초등학교","공립","서울특별시 양천구 목동중앙로3길 30-10 (목동)",126.8703211,37.5370581
"서울지향초등학교","공립","서울특별시 양천구 신정로11길 74 서울지향초등학교 (신정동)",126.8374014,37.5130111
"서울치현초등학교","공립","서울특별시 강서구 방화대로47길 43 , 서울치현초등학교 (방화동)",126.8146241,37.5755586
"서울탑산초등학교","공립","서울특별시 강서구 허준로 109 (가양동)",126.8521896,37.5666739
"서울화곡초등학교","공립","서울특별시 강서구 초록마을로 28 , 화곡초등학교 (화곡동)",126.8460664,37.5432297
"서울화일초등학교","공립","서울특별시 강서구 까치산로10길 70 , 서울화일초등학교 (화곡동)",126.8474955,37.5408075
"유석초등학교","사립","서울특별시 강서구 화곡로69길 9 (등촌동)",126.8534143,37.5598894
"서울교육대학교부설초등학교","국립","서울특별시 서초구 서초중앙로 96 (서초동) 1650번지",127.0164124,37.4899615
"서울개원초등학교","공립","서울특별시 강남구 선릉로 29 , 개원초등학교 (개포동)",127.0587418,37.48163
"서울개일초등학교","공립","서울특별시 강남구 개포로 401 , 개일초등학교 (개포동,개일초등학교)",127.057964,37.4857406
"서울개포초등학교","공립","서울특별시 강남구 영동대로3길 45 (개포초등학교) (개포동)",126.9204192,37.551736
"서울구룡초등학교","공립","서울특별시 강남구 개포로 263 (개포동)",127.051863,37.4807232
"서울논현초등학교","공립","서울특별시 강남구 강남대로120길 33 (논현동, 논현초등학교)",127.026133,37.508376
"서울대곡초등학교","공립","서울특별시 강남구 남부순환로 3022 (대치동) 대곡초등학교",127.0650185,37.494667
"서울대도초등학교","공립","서울특별시 강남구 선릉로 209 , 서울대도초등학교 (도곡동)",127.0539354,37.4924478
"서울대모초등학교","공립","서울특별시 강남구 광평로20길 27 , 서울대모초등학교 (일원동)",127.086224,37.4812067
"서울대왕초등학교","공립","서울특별시 강남구 헌릉로618길 8 서울대왕초등학교 (세곡동)",127.1051545,37.4642163
"서울대진초등학교","공립","서울특별시 강남구 개포로109길 74 (개포동,대진초등학교)",127.0779765,37.4970272
"서울대청초등학교","공립","서울특별시 강남구 양재대로55길 28 (일원동,대청초등학교)",127.0878776,37.4927958
"서울대치초등학교","공립","서울특별시 강남구 양재천로 363 , 서울대치초등학교 (대치동)",127.0619647,37.4912707
"서울대현초등학교","공립","서울특별시 강남구 역삼로98길 16 (대치동,대현초등학교)",127.0633241,37.5032941
"서울도곡초등학교","공립","서울특별시 강남구 선릉로64길 33 , 서울도곡초등학교 (대치동4동 924-10)",127.054575,37.498989
"서울도성초등학교","공립","서울특별시 강남구 역삼로 313 (역삼동)",127.0489326,37.5013049
"서울매헌초등학교","공립","서울특별시 서초구 언남길 8 (양재동)",127.042085,37.471067
"서울반원초등학교","공립","서울특별시 서초구 잠원로3길 28 , 서울반원초등학교 (잠원동)",127.0039166,37.510174
"서울반포초등학교","공립","서울특별시 서초구 신반포로 55-4 , 서울반포초등학교 (반포동)",126.9910688,37.502792
"서울방배초등학교","공립","서울특별시 서초구 방배중앙로13길 26 (방배동,방배초등학교)",126.9871509,37.487137
"서울방일초등학교","공립","서울특별시 서초구 방배로18길 52 (방배동)",126.9982024,37.4853425
"서울방현초등학교","공립","서울특별시 서초구 효령로4길 58 (방배동,방현초등학교)",126.9901376,37.4760739
"서울봉은초등학교","공립","서울특별시 강남구 학동로 610 , 서울봉은초등학교 (삼성동)",127.0609921,37.5201195
"서울삼릉초등학교","공립","서울특별시 강남구 봉은사로63길 22 , 서울삼릉초등학교 (삼성동)",127.0469643,37.5130981
"서울서래초등학교","공립","서울특별시 서초구 방배로 260 (방배동,서래초등학교)",126.9893029,37.4962335
"서울서원초등학교","공립","서울특별시 서초구 고무래로 63 (반포동,서원초등학교)",127.0152177,37.5025711
"서울서이초등학교","공립","서울특별시 서초구 서운로 35 , 서울서이초등학교 (서초동)",127.0260126,37.4911091
"서울서일초등학교","공립","서울특별시 서초구 남부순환로339길 38 , 서울서일초등학교 (서초동)",127.0222731,37.4851011
"서울서초초등학교","공립","서울특별시 서초구 서운로 178 (서초동,서초초등학교)",127.0238869,37.4992201
"서울세명초등학교","공립","서울특별시 강남구 자곡로 55 , 서울세명초등학교 (세곡동)",127.0909147,37.4687124
"서울수서초등학교","공립","서울특별시 강남구 광평로51길 46 , 서울수서초등학교 (수서동)",127.1014041,37.4909352
"서울신구초등학교","공립","서울특별시 강남구 압구정로18길 28 , 신구초등학교 (신사동)",127.0240669,37.5233626
"서울신동초등학교","공립","서울특별시 서초구 나루터로 15 서울신동초등학교 (잠원동)",127.0119154,37.517057
"서울신중초등학교","공립","서울특별시 서초구 남부순환로317길 15 , 서울신중초등학교 (서초동)",127.0096911,37.4800182
"서울압구정초등학교","공립","서울특별시 강남구 압구정로39길 29 , 서울압구정초등학교 (압구정동)",127.032687,37.531151
"서울양재초등학교","공립","서울특별시 서초구 바우뫼로18길 14 , 서울양재초등학교 (양재동)",127.031828,37.4741304
"서울양전초등학교","공립","서울특별시 강남구 개포로 513 , 서울양전초등학교 (개포동)",127.0693775,37.4902924
"서울언남초등학교","공립","서울특별시 서초구 헌릉로8길 42 , 서울언남초등학교 (내곡동)",127.0617096,37.4538893
"서울언북초등학교","공립","서울특별시 강남구 삼성로135길 42  (청담동)",127.0451,37.5199257
"서울언주초등학교","공립","서울특별시 강남구 남부순환로363길 19 (도곡동)",127.0367809,37.4862841
"서울역삼초등학교","공립","서울특별시 강남구 강남대로66길 21 (역삼동)",127.0328543,37.492918
"서울영희초등학교","공립","서울특별시 강남구 일원로 21 , 영희초등학교 (일원동)",127.0809684,37.4921904
"서울왕북초등학교","공립","서울특별시 강남구 광평로31길 74 (수서동,서울왕북초등학교)",127.0860406,37.4863899
"서울우면초등학교","공립","서울특별시 서초구 태봉로 59 , 서울우면초등학교 (우면동)",127.0237457,37.4645759
"서울우솔초등학교","공립","서울특별시 서초구 양재대로2길 74 , 서울우솔초등학교 (우면동)",127.0193586,37.4570428
"서울우암초등학교","공립","서울특별시 서초구 바우뫼로7길 38 (우면동)",127.0239065,37.4721905
"서울원명초등학교","공립","서울특별시 서초구 고무래로 90-6 서울원명초등학교 (서초동)",127.0166659,37.500365
"서울원촌초등학교","공립","서울특별시 서초구 사평대로45길 26 , 서울원촌초등학교 (반포동)",127.0127947,37.5059412
"서울율현초등학교","공립","서울특별시 강남구 밤고개로21길 15 , 서울율현초등학교 (자곡동)",127.1077121,37.4745733
"서울이수초등학교","공립","서울특별시 서초구 방배천로4길 23 , 서울이수초등학교 (방배동)",126.9845547,37.4780457
"서울일원초등학교","공립","서울특별시 강남구 영동대로4길 20 , 일원초등학교 (일원동)",127.0760251,37.4897962
"서울자곡초등학교","공립","서울특별시 강남구 자곡로 150 (자곡동)",127.0998493,37.4725138
"서울잠원초등학교","공립","서울특별시 서초구 신반포로16길 15-25 (반포동, 잠원초등학교)",126.9977047,37.5017734
"서울청담초등학교","공립","서울특별시 강남구 압구정로71길 9 , 서울청담초등학교 (청담동)",127.0451629,37.528218
"서울포이초등학교","공립","서울특별시 강남구 개포로22길 87 , 서울포이초등학교 (개포동,포이초등학교)",127.0579436,37.4857238
"서울학동초등학교","공립","서울특별시 강남구 선릉로115길 42 , 서울학동초등학교 (논현동)",127.0398539,37.5120426
"계성초등학교","사립","서울특별시 서초구 신반포로19길 23 , 계성초등학교 (반포동)",126.9968305,37.5046538
"서울강남초등학교","공립","서울특별시 동작구 강남초등길 15 (상도1동)",126.9535841,37.5060798
"서울관악초등학교","공립","서울특별시 관악구 청룡4길 49 , 서울관악초등학교 (봉천동)",126.9433087,37.4806002
"서울구암초등학교","공립","서울특별시 관악구 구암길 1 , 서울구암초등학교 (봉천동)",126.9468905,37.4894569
"서울난곡초등학교","공립","서울특별시 관악구 난곡로35길 102 , 서울난곡초등학교 (신림동)",126.9166459,37.4692635
"서울난우초등학교","공립","서울특별시 관악구 난우길 40 (신림동,난우초등학교)",126.9175336,37.477128
"서울난향초등학교","공립","서울특별시 관악구 난향길 9 (신림동)",126.9180741,37.4624143
"서울남부초등학교","공립","서울특별시 관악구 남부순환로163길 14 (신림동,남부초등학교)",126.9221162,37.4848216
"서울남사초등학교","공립","서울특별시 동작구 동작대로13길 22 , 서울남사초등학교 (사당동)",126.9784544,37.4822517
"서울남성초등학교","공립","서울특별시 동작구 사당로23길 57-14 (사당동, 서울남성초등학교)",126.9758609,37.4842393
"서울노량진초등학교","공립","서울특별시 동작구 장승배기로 160 (노량진동)",126.9409291,37.5113579
"서울당곡초등학교","공립","서울특별시 관악구 보라매로2길 23 , 서울당곡초등학교 (봉천동)",126.9299764,37.4899322
"서울대림초등학교","공립","서울특별시 동작구 대방동1길 22 , 서울대림초등학교 (대방동)",126.9253099,37.500653
"서울동작초등학교","공립","서울특별시 동작구 동작대로29길 214 (사당동)",126.9770792,37.4942206
"서울문창초등학교","공립","서울특별시 동작구 신대방2길 14 , 서울문창초등학교 (신대방동)",126.9137666,37.4890267
"서울미성초등학교","공립","서울특별시 관악구 문성로 79 , 서울미성초등학교 (신림동)",126.9122091,37.4776652
"서울보라매초등학교","공립","서울특별시 동작구 여의대방로16길 30 서울보라매초등학교 (신대방동)",126.9164914,37.4959236
"서울본동초등학교","공립","서울특별시 동작구 노량진로26길 16-40 , 서울본동초등학교 (본동)",126.953596,37.5100699
"서울봉천초등학교","공립","서울특별시 관악구 행운1라길 17 , 봉천초등학교 (봉천동)",126.9576683,37.4830169
"서울봉현초등학교","공립","서울특별시 관악구 성현로 117 (봉천동)",126.9556171,37.4910197
"서울사당초등학교","공립","서울특별시 관악구 남현4길 51 , 서울사당초등학교 (남현동)",126.9737232,37.4735357
"서울삼성초등학교","공립","서울특별시 관악구 대학7길 52 (신림동)",126.9409762,37.4678163
"서울삼일초등학교","공립","서울특별시 동작구 사당로23나길 27 , 서울삼일초등학교 (사당동)",126.9750554,37.4880999
"서울상도초등학교","공립","서울특별시 동작구 성대로21길 62 (상도동,상도초등학교)",126.9373438,37.499695
"서울상현초등학교","공립","서울특별시 동작구 상도로58길 21 (상도동)",126.9518689,37.4946839
"서울신길초등학교","공립","서울 동작구 알마타길 16 (대방동,서울신길초등학교)",126.9265939,37.5104181
"서울신남성초등학교","공립","서울특별시 동작구 사당로 146 (사당동, 서울신남성초등학교)",126.9650765,37.4889037
"서울신림초등학교","공립","서울특별시 관악구 문성로28길 31 (신림동,신림초등학교)",126.9272999,37.4771503
"서울신봉초등학교","공립","서울특별시 관악구 양녕로6나길 1 , 서울신봉초등학교 (봉천동)",126.9490024,37.4852109
"서울신상도초등학교","공립","서울특별시 동작구 장승배기로 14 (상도동)",126.9440809,37.5004006
"서울신성초등학교","공립","서울특별시 관악구 신림로 114 (신림동)",126.9320706,37.4869509
"서울신우초등학교","공립","서울특별시 관악구 호암로 498 , 서울신우초등학교 (신림동,신우초등학교)",126.9322825,37.4631577
"서울영본초등학교","공립","서울특별시 동작구 만양로12가길 69 (본동,서울영본초등학교)",126.948641,37.510597
"서울영화초등학교","공립","서울특별시 동작구 등용로8길 3 , 서울영화초등학교 (대방동)",126.9330589,37.5091521
"서울원당초등학교","공립","서울특별시 관악구 봉천로 505 (봉천동)",126.9560764,37.4811753
"서울원신초등학교","공립","서울특별시 관악구 광신길 177 , 원신초등학교 (신림동)",126.9272992,37.467163
"서울은로초등학교","공립","서울특별시 동작구 서달로 115 , 은로초등학교 (흑석동)",126.9600286,37.5032922
"서울은천초등학교","공립","서울특별시 관악구 은천로 69 (봉천동,은천초등학교)",126.9427505,37.4869483
"서울인헌초등학교","공립","서울특별시 관악구 낙성대로 23 (봉천동, 서울인헌초등학교)",126.9601296,37.4763751
"서울조원초등학교","공립","서울특별시 관악구 조원로 67 (신림동)",126.9094507,37.484106
"서울청룡초등학교","공립","서울특별시 관악구 관악로5길 61 , 서울청룡초등학교 (봉천동)",126.9512178,37.4756972
"서울행림초등학교","공립","서울특별시 동작구 솔밭로 47 (사당동)",126.9652979,37.4823386
"서울흑석초등학교","공립","서울특별시 동작구 현충로 87 , 서울흑석초등학교 (흑석동)",126.9651669,37.508625
"중앙대학교사범대학부속초등학교","사립","서울특별시 동작구 서달로 135 , 중앙대학교 사범대학 부속초등학교 (흑석동)",126.9601952,37.5057919
"서울경동초등학교","공립","서울특별시 성동구 성수일로 34 (성수동1가,경동초등학교)",127.0504631,37.5429557
"서울경수초등학교","공립","서울특별시 성동구 뚝섬로13길 22 (성수동2가,경수초등학교)",127.058268,37.540067
"서울경일초등학교","공립","서울특별시 성동구 뚝섬로 332 (성수동1가,경일초등학교)",127.0470746,37.5404004
"서울광남초등학교","공립","서울특별시 광진구 아차산로70길 35 , 서울광남초등학교 (광장동)",127.1007084,37.5409208
"서울광장초등학교","공립","서울특별시 광진구 광장로1길 27 , 서울광장초등학교 (광장동)",127.1011247,37.5484559
"서울광진초등학교","공립","서울특별시 광진구 자양로40길 41 (구의동)",127.0913267,37.5475128
"서울구남초등학교","공립","서울특별시 광진구 구의강변로 69 (구의동)",127.0922582,37.5369552
"서울구의초등학교","공립","서울특별시 광진구 광나루로30길 49 , 서울구의초등학교 (화양동)",127.080349,37.5429916
"서울금북초등학교","공립","서울특별시 성동구 행당로1길 13 , 서울금북초등학교 (금호동1가,금북초등학교)",127.0235075,37.5574327
"서울금옥초등학교","공립","서울특별시 성동구 독서당로 251 (금호동4가)",127.0246291,37.5451886
"서울금호초등학교","공립","서울특별시 성동구 무수막길 69 (금호동2가, 금호초등학교)",127.0201047,37.5525373
"서울동명초등학교","공립","서울특별시 성동구 마장로29길 29 , 서울동명초등학교 (마장동)",127.0357138,37.5688411
"서울동의초등학교","공립","서울특별시 광진구 영화사로 111 , 동의초등학교 (구의동)",127.0990191,37.5534784
"서울동자초등학교","공립","서울특별시 광진구 뚝섬로 561 (자양동)",127.072115,37.5346695
"서울동호초등학교","공립","서울특별시 성동구 동호로5길 133 , 서울동호초등학교 (옥수동)",127.0101336,37.546399
"서울마장초등학교","공립","서울특별시 성동구 마장로35나길 31 (마장동)",127.042205,37.5682297
"서울무학초등학교","공립","서울특별시 성동구 무학봉15길 21 , 서울무학초등학교 (하왕십리동)",127.0295202,37.5628695
"서울사근초등학교","공립","서울특별시 성동구 사근동11길 16 (사근동)",127.0478174,37.5628932
"서울성수초등학교","공립","서울특별시 성동구 아차산로17길 21 (성수동2가)",127.0631573,37.544058
"서울성자초등학교","공립","서울특별시 광진구 뚝섬로56길 7 , 서울성자초등학교 교무실 (자양동)",127.0831476,37.5313201
"서울송원초등학교","공립","서울특별시 성동구 동일로43길 9 (송정동,송원초등학교)",127.0695721,37.5541213
"서울숭신초등학교","공립","서울특별시 성동구 마장로 161 (하왕십리동)",127.0369547,37.5663079
"서울신양초등학교","공립","서울특별시 광진구 능동로 42 (자양동,서울신양초등학교)",127.069156,37.5345681
"서울신자초등학교","공립","서울특별시 광진구 뚝섬로46길 64 (자양동,서울신자초등학교)",127.0754495,37.530094
"서울양남초등학교","공립","서울특별시 광진구 뚝섬로64길 71 (자양동,서울양남초등학교)",127.0897096,37.5307356
"서울양진초등학교","공립","서울특별시 광진구 워커힐로 32 (광장동, 서울양진초등학교)",127.0984162,37.5443332
"서울옥수초등학교","공립","서울특별시 성동구 금호로1길 25 (금호동4가) 서울옥수초등학교",127.021966,37.546121
"서울옥정초등학교","공립","서울특별시 성동구 한림말길 43 , 서울옥정초등학교 (옥수동)",127.0156888,37.5415941
"서울용곡초등학교","공립","서울특별시 광진구 용마산로22길 82 (중곡동)",127.0888036,37.5667073
"서울용답초등학교","공립","서울특별시 성동구 용답25길 1 , 용답초등학교 (용답동)",127.0533645,37.5607574
"서울용마초등학교","공립","서울특별시 광진구 천호대로113길 10 , 서울용마초등학교 (중곡동)",127.0840983,37.5579267
"서울응봉초등학교","공립","서울특별시 성동구 독서당로62길 28 , 서울응봉초등학교 (응봉동)",127.0337423,37.5501489
"서울자양초등학교","공립","서울특별시 광진구 아차산로44길 26 (자양동)",127.0794839,37.5369104
"서울장안초등학교","공립","서울특별시 광진구 군자로 74 (군자동)",127.0723512,37.5501252
"서울중광초등학교","공립","서울특별시 광진구 긴고랑로13길 59 (중곡동)",127.0823539,37.5651202
"서울중마초등학교","공립","서울특별시 광진구 동일로72길 43 (중곡동)",127.0790805,37.5655914
"서울행당초등학교","공립","서울특별시 성동구 고산자로8길 6 (행당동)",127.0346845,37.5564432
"서울행현초등학교","공립","서울특별시 성동구 행당로 95 (행당동)",127.0293584,37.5575664
"서울화양초등학교","공립","서울특별시 광진구 군자로 9 , (화양동, 서울화양초등학교) (화양동)",127.071017,37.544345
"경복초등학교","사립","서울특별시 광진구 천호대로130길 58 , 경복초등학교 (능동)",127.0869763,37.5494685
"성동초등학교","사립","서울특별시 광진구 자양로4길 63 , 성동초등학교 (자양동)",127.0895152,37.5328187
"세종초등학교","사립","서울특별시 광진구 군자로 114 , 세종초등학교 (군자동)",127.0729844,37.5528547
"한양초등학교","사립","서울특별시 성동구 살곶이길 208 , 한양초등학교 (사근동,한양초등학교)",127.0503794,37.5575372
"서울개운초등학교","공립","서울특별시 성북구 정릉로48길 52 (돈암동)",127.0275484,37.6017633
"서울길원초등학교","공립","서울특별시 성북구 서경로8길 28-15 , 서울길원초등학교 (길음동)",127.0168296,37.6089308
"서울길음초등학교","공립","서울특별시 성북구 길음로 142 (길음동)",127.0170282,37.6138873
"서울돈암초등학교","공립","서울특별시 성북구 동소문로13길 38 (동소문동6가)",127.013138,37.5933157
"서울동신초등학교","공립","서울특별시 성북구 보문사길 50 , 보문동3가, 서울동신초등학교 (보문동3가)",127.0170764,37.5827002
"서울미아초등학교","공립","서울특별시 성북구 삼양로 77 (길음동)",127.0215272,37.6105142
"서울미양초등학교","공립","서울특별시 강북구 솔샘로 195 , 서울미양초등학교 (미아동)",127.0137223,37.6212144
"서울번동초등학교","공립","서울특별시 강북구 오현로 204 (번동)",127.040486,37.6288618
"서울삼각산초등학교","공립","서울특별시 강북구 삼양로19길 141 (미아동,서울삼각산초등학교)",127.0146878,37.6161619
"서울삼선초등학교","공립","서울특별시 성북구 보문로29길 106 (삼선동3가)",127.0125195,37.5861798
"서울삼양초등학교","공립","서울특별시 강북구 삼양로49길 17 (미아동)",127.0163359,37.6236198
"서울석계초등학교","공립","서울특별시 성북구 한천로58길 273 (석관동)",127.0697429,37.6087957
"서울석관초등학교","공립","서울특별시 성북구 돌곶이로22길 21 , 서울석관초등학교 (석관동)",127.059044,37.610698
"서울성북초등학교","공립","서울특별시 성북구 성북로 102-10 , 서울성북초등학교 (성북동)",126.9982282,37.595267
"서울송중초등학교","공립","서울특별시 강북구 오현로 9 (미아동,송중초등학교)",127.0315004,37.6171104
"서울송천초등학교","공립","서울특별시 강북구 삼양로20길 29 서울송천초등학교(미아동)",127.0234359,37.6158351
"서울수송초등학교","공립","서울특별시 강북구 한천로124길 14 (번동,수송초등학교)",127.0332312,37.6368875
"서울수유초등학교","공립","서울특별시 강북구 삼양로74길 39 , 서울수유초등학교 (수유동)",127.0203479,37.6305796
"서울숭곡초등학교","공립","서울특별시 성북구 종암로40길 30 (하월곡동)",127.0327961,37.6084672
"서울숭덕초등학교","공립","서울특별시 성북구 정릉로 279 (정릉동)",127.013379,37.6039265
"서울숭례초등학교","공립","서울특별시 성북구 종암로5길 14 (종암동)",127.0351047,37.5946714
"서울숭인초등학교","공립","서울특별시 성북구 오패산로16길 37 , 서울숭인초등학교 (하월곡동)",127.0382686,37.6090579
"서울안암초등학교","공립","서울특별시 성북구 인촌로7가길 39 (안암동2가)",127.022577,37.5871519
"서울오현초등학교","공립","서울특별시 강북구 월계로 221 (번동)",127.0466629,37.6233407
"서울우이초등학교","공립","서울특별시 강북구 삼양로99길 36 , 서울우이초등학교 (수유동)",127.0149084,37.6385098
"서울월곡초등학교","공립","서울특별시 성북구 장월로3길 42 (장위동, 서울월곡초등학교)",127.0460684,37.6099853
"서울유현초등학교","공립","서울특별시 강북구 인수봉로37길 24 (수유동)",127.0119185,37.631794
"서울인수초등학교","공립","서울특별시 강북구 인수봉로 269 (수유동)",127.0095645,37.6428713
"서울일신초등학교","공립","서울특별시 성북구 월곡로 74 , 서울일신초등학교 (종암동)",127.040157,37.5987542
"서울장곡초등학교","공립","서울특별시 성북구 장월로23길 16 (장위동)",127.0479449,37.6167024
"서울장월초등학교","공립","서울특별시 성북구 한천로101길 66 (장위동)",127.0471649,37.62164
"서울장위초등학교","공립","서울특별시 성북구 장월로8가길 41 , 서울장위초등학교 (장위동)",127.0499207,37.6119809
"서울정덕초등학교","공립","서울특별시 성북구 아리랑로 63 (동소문동7가,서울정덕초등학교)",127.0137429,37.5978649
"서울정릉초등학교","공립","서울특별시 성북구 솔샘로25가길 8 (정릉동)",127.0052212,37.6196747
"서울정수초등학교","공립","서울특별시 성북구 정릉로24길 58 (정릉동,서울정수초등학교)",127.0076054,37.6038358
"서울청덕초등학교","공립","서울특별시 성북구 정릉로9라길 11 (정릉동, 서울청덕초등학교)",127.0001643,37.6120666
"서울화계초등학교","공립","서울특별시 강북구 솔매로50가길 25 (미아동)",127.0290073,37.6237383
"광운초등학교","사립","서울특별시 성북구 한천로 693 (장위동)",127.054774,37.6185837
"대광초등학교","사립","서울특별시 성북구 안암로 5 , 대광초등학교 (보문동7가)",127.0235203,37.5792007
"매원초등학교","사립","서울특별시 성북구 북악산로 870 , 매원초등학교 (돈암동)",127.0190943,37.5979429
"성신초등학교","사립","서울특별시 성북구 북악산로 918 (돈암동,성신초등학교)",127.0232699,37.5938934
"영훈초등학교","사립","서울특별시 강북구 도봉로13가길 19 , 영훈학교 (미아동)",127.0278474,37.6136052
"우촌초등학교","사립","서울특별시 성북구 성북로4길 52-1 (돈암동)",127.011768,37.5956569
