"도로명","지번","lon","lat"
"서울특별시 종로구 대학로 71 (연건동)","서울특별시 종로구 연건동 28-14 서울대학교병원 의학연구혁신센터",127.0014281,37.5777744
"서울특별시 종로구 대학로 101 (연건동)","서울특별시 종로구 연건동 28-21 서울대학교 치과병원",126.9974168,37.5777249
"서울특별시 종로구 대학로 101 (연건동)","서울특별시 종로구 연건동 28-21 서울대학교병원",126.9975506,37.5787082
"서울특별시 종로구 대학로 103 (연건동)","서울특별시 종로구 연건동 28-2 서울대학교병원",126.996926,37.5809111
"서울특별시 종로구 돈화문로9길 26 (돈의동)","서울특별시 종로구 돈의동 78 춘원당한방병원",126.9903293,37.5717844
"서울특별시 종로구 돈화문로9길 27 (낙원동)","서울특별시 종로구 낙원동 153-1 춘원당 한방병원 박물관",126.9903293,37.5717844
"서울특별시 종로구 새문안로 9 (평동)","서울특별시 종로구 평동 164 서울적십자병원",126.9669384,37.5670139
"서울특별시 종로구 새문안로 29 (평동)","서울특별시 종로구 평동 108-1 강북삼성병원",126.9674846,37.5683585
"서울특별시 종로구 통일로 256 (무악동)","서울특별시 종로구 무악동 32-2 세란병원",126.9574713,37.5751167
"서울특별시 중구 다산로 72 (신당동)","서울특별시 중구 신당동 366-144 송도병원 서울시니어스타워",127.008214,37.551103
"서울특별시 중구 다산로 78 (신당동)","서울특별시 중구 신당동 366-144 송도병원",127.008214,37.551103
"서울특별시 중구 서애로1길 17 (묵정동)","서울특별시 중구 묵정동 1-19 제일병원",126.9990188,37.5621684
"서울특별시 중구 소공로3길 48 (회현동1가)","서울특별시 중구 회현동1가 133-6 보현한방병원",126.9816805,37.5567377
"서울특별시 중구 퇴계로 244 (충무로5가)","서울특별시 중구 충무로5가 52-25 제일병원 건강증진센터",126.9990188,37.5621684
"서울특별시 중구 퇴계로46길 11 (묵정동)","서울특별시 중구 묵정동 30-6 제일병원 교육수련관",126.9990188,37.5621684
"서울특별시 중구 퇴계로46길 23 (묵정동)","서울특별시 중구 묵정동 31-4 제일병원의학연구소",126.9997679,37.5613903
"서울특별시 용산구 대사관로 59 (한남동)","서울특별시 용산구 한남동 657-58 순천향대학병원",127.0043336,37.5339355
"서울특별시 용산구 보광로 3 (보광동)","서울특별시 용산구 보광동 127 차병원공업사",127.0017739,37.5250403
"서울특별시 용산구 이촌로 318 (이촌동)","서울특별시 용산구 이촌동 301-165 금강아산병원",126.9819117,37.5175961
"서울특별시 용산구 한강대로14길 35-29 (한강로3가)","서울특별시 용산구 한강로3가 65-154 중앙대학교 용산병원",126.966183,37.525146
"서울특별시 용산구 효창원로 142 (효창동)","서울특별시 용산구 효창동 5-585 중앙병원",126.9619718,37.54026
"서울특별시 성동구 광나루로 243 (송정동)","서울특별시 성동구 송정동 81-14 학교법인대진교육재단 제인병원",127.057019,37.54939
"서울특별시 성동구 금호로 47 (금호동4가)","서울특별시 성동구 금호동4가 119 현대종합동물병원",127.0254199,37.5476441
"서울특별시 성동구 금호산길 41 (금호동2가)","서울특별시 성동구 금호동2가 500-9 서울중앙병원",127.0192437,37.551954
"서울특별시 성동구 동일로 93 (성수동2가)","서울특별시 성동구 성수동2가 275-2 서울효사랑병원",127.0630453,37.541095
"서울특별시 성동구 마장로 207 (홍익동)","서울특별시 성동구 홍익동 102 서울시립장애인치과병원",127.032778,37.566663
"서울특별시 성동구 무학로2길 8 (도선동)","서울특별시 성동구 도선동 365-1 연세슬기병원",127.0306758,37.5642125
"서울특별시 성동구 왕십리로 222-1 (사근동)","서울특별시 성동구 사근동 110 한양대학부속병원",127.0439633,37.5596479
"서울특별시 성동구 왕십리로 269 (행당동)","서울특별시 성동구 행당동 130-115 9988병원빌딩",127.0375689,37.5586289
"서울특별시 성동구 왕십리로 295 (행당동)","서울특별시 성동구 행당동 268 왕십리가축병원",127.0339644,37.5560093
"서울특별시 성동구 왕십리로 382 (하왕십리동)","서울특별시 성동구 하왕십리동 1070-3 동인병원",127.027656,37.564992
"서울특별시 광진구 능동로 120-1 (화양동)","서울특별시 광진구 화양동 4-12 건국대학교병원",127.0722209,37.5408245
"서울특별시 광진구 뚝섬로 504 (자양동)","서울특별시 광진구 자양동 553-280 이다종합동물병원",127.0661025,37.5357555
"서울특별시 광진구 자양로 38 (자양동)","서울특별시 광진구 자양동 685 편안한요양병원",127.086441,37.5315816
"서울특별시 광진구 자양로 85 (자양동)","서울특별시 광진구 자양동 627-3 혜민병원",127.0835435,37.5353461
"서울특별시 동대문구 답십리로 261 (장안동)","서울특별시 동대문구 장안동 294-11 참 튼튼병원 빌딩",127.0693856,37.5726644
"서울특별시 동대문구 답십리로1길 14 (전농동)","서울특별시 동대문구 전농동 620-60 성바오로병원",127.0436381,37.5785853
"서울특별시 동대문구 망우로 82 (휘경동)","서울특별시 동대문구 휘경동 29-1 삼육서울병원",127.0653215,37.5878949
"서울특별시 동대문구 무학로 124 (용두동)","서울특별시 동대문구 용두동 118-20 시립동부병원",127.03152,37.57534
"서울특별시 동대문구 무학로 193-1 (용두동)","서울특별시 동대문구 용두동 740-1 날개병원",127.0294588,37.5816235
"서울특별시 동대문구 서울시립대로 57 (전농동)","서울특별시 동대문구 전농동 497-77 천사병원",127.0476409,37.5765804
"서울특별시 동대문구 약령시로 158 (청량리동)","서울특별시 동대문구 청량리동 235-2 한림대 치과병원",127.0468119,37.5822854
"서울특별시 동대문구 왕산로 18 (신설동)","서울특별시 동대문구 신설동 98-28 동서울병원",127.0256156,37.5760519
"서울특별시 동대문구 왕산로 180 (전농동)","서울특별시 동대문구 전농동 620-56 성바오로병원",127.0434762,37.579203
"서울특별시 동대문구 왕산로 259 (청량리동)","서울특별시 동대문구 청량리동 40-9 서울성심병원",127.049928,37.5841791
"서울특별시 동대문구 장한로 143 (장안동)","서울특별시 동대문구 장안동 306-4 코리아병원",127.071526,37.5731547
"서울특별시 동대문구 장한로 144 (장안동)","서울특별시 동대문구 장안동 309-10 새서울병원",127.072099,37.573119
"서울특별시 동대문구 제기로38길 33-3 (청량리동)","서울특별시 동대문구 청량리동 40-21 서울성심병원기숙사",127.049928,37.5841791
"서울특별시 동대문구 천호대로 20 (신설동)","서울특별시 동대문구 신설동 103-10 마리아병원",127.0253967,37.5740994
"서울특별시 동대문구 천호대로 317 (답십리동)","서울특별시 동대문구 답십리동 492-2 하늘병원",127.055535,37.565205
"서울특별시 동대문구 한천로 49 (답십리동)","서울특별시 동대문구 답십리동 12-262 멘토스병원",127.061684,37.56654
"서울특별시 중랑구 겸재로 180 (면목동)","서울특별시 중랑구 면목동 1216 안민병원",127.0879582,37.5881452
"서울특별시 중랑구 겸재로 187 (면목동)","서울특별시 중랑구 면목동 102-51 엔젤동물병원",127.0878471,37.5870343
"서울특별시 중랑구 공릉로 76 (묵동)","서울특별시 중랑구 묵동 158-7 프라임병원",127.0794078,37.6172178
"서울특별시 중랑구 동일로 679 (면목동)","서울특별시 중랑구 면목동 180-1 88병원",127.0796598,37.5908852
"서울특별시 중랑구 동일로 777 (중화동)","서울특별시 중랑구 중화동 303-16 진정훈동물병원",127.0793753,37.6003103
"서울특별시 중랑구 망우로 373 (상봉동)","서울특별시 중랑구 상봉동 74-43 서울선병원",127.0936499,37.5986475
"서울특별시 중랑구 망우로 411 (망우동)","서울특별시 중랑구 망우동 488-8 장스여성병원 에이동",127.0977381,37.5995459
"서울특별시 중랑구 망우로 474 (망우동)","서울특별시 중랑구 망우동 207-1 조앤조병원",127.1047062,37.6002274
"서울특별시 중랑구 망우로 511 (망우동)","서울특별시 중랑구 망우동 128-29 동부제일병원",127.109078,37.6007867
"서울특별시 중랑구 면목로 273 (면목동)","서울특별시 중랑구 면목동 353-25 제일동물병원",127.0856896,37.5772578
"서울특별시 중랑구 면목로53길 32 (면목동)","서울특별시 중랑구 면목동 566-6 녹색병원(주차장)",127.0859585,37.5835069
"서울특별시 중랑구 봉우재로 234 (망우동)","서울특별시 중랑구 망우동 460-1 늘찬병원",127.0988295,37.5951529
"서울특별시 중랑구 봉화산로 64 (중화동)","서울특별시 중랑구 중화동 110-43 디엔에프병원",127.0814607,37.6014387
"서울특별시 중랑구 사가정로49길 53 (면목동)","서울특별시 중랑구 면목동 568-1 원진재단부설녹색병원",127.0859585,37.5835069
"서울특별시 중랑구 양원역로 38 (망우동)","서울특별시 중랑구 망우동 227 서울시북부병원 및 시립중랑노인전문요양원",127.1073169,37.604588
"서울특별시 중랑구 용마산로 439 (망우동)","서울특별시 중랑구 망우동 531-41 중랑성모병원",127.0972072,37.5907007
"서울특별시 중랑구 용마산로 532 (망우동)","서울특별시 중랑구 망우동 364-27 금란동물병원",127.1005678,37.598422
"서울특별시 중랑구 용마산로 622 (신내동)","서울특별시 중랑구 신내동 418-6 신내동요양병원",127.10116,37.6063595
"서울특별시 중랑구 용마산로117길 49 (망우동)","서울특별시 중랑구 망우동 488-8 장스여성병원 비동",127.0977381,37.5995459
"서울특별시 성북구 고려대로 73 (안암동5가)","서울특별시 성북구 안암동5가 126-1 고려대병원",127.0268836,37.5870127
"서울특별시 성북구 동소문로 215 (정릉동)","서울특별시 성북구 정릉동 16-512 새마음요양병원",127.0215566,37.6012645
"서울특별시 성북구 동소문로 306 (하월곡동)","서울특별시 성북구 하월곡동 88-747 동서병원",127.0289116,37.6068765
"서울특별시 성북구 동소문로47길 8 (길음동)","서울특별시 성북구 길음동 21-72 서울 척병원",127.0292221,37.6087865
"서울특별시 성북구 보문로 86 (보문동4가)","서울특별시 성북구 보문동4가 18 성북웰니스 요양병원",127.0208675,37.583018
"서울특별시 성북구 북악산로1길 71 (정릉동)","서울특별시 성북구 정릉동 508-171 성북참병원",127.0055888,37.5976433
"서울특별시 성북구 성북로 22-1 (성북동)","서울특별시 성북구 성북동 184-68 성북동물병원",127.0016826,37.593396
"서울특별시 성북구 안암로 99 (안암동5가)","서울특별시 성북구 안암동5가 85-9 우신향병원",127.0311524,37.5847416
"서울특별시 성북구 종암로 72 (종암동)","서울특별시 성북구 종암동 10-125 성북중앙병원",127.0356232,37.5967276
"서울특별시 성북구 종암로 191 (하월곡동)","서울특별시 성북구 하월곡동 88-522 성가복지병원",127.030737,37.606842
"서울특별시 성북구 한천로 743 (장위동)","서울특별시 성북구 장위동 307-47 해인병원",127.0509886,37.6224182
"서울특별시 강북구 덕릉로 73 (수유동)","서울특별시 강북구 수유동 47-7 신일병원",127.0218209,37.6346208
"서울특별시 강북구 도봉로 74 (미아동)","서울특별시 강북구 미아동 67-1 햇빛병원",127.0302211,37.615714
"서울특별시 강북구 도봉로 114 (미아동)","서울특별시 강북구 미아동 137-26 서울좋은병원",127.0293899,37.6193077
"서울특별시 강북구 도봉로 131 (미아동)","서울특별시 강북구 미아동 322-5 햇빛병원부설 산후조리원",127.0280689,37.6205319
"서울특별시 강북구 도봉로 155 (미아동)","서울특별시 강북구 미아동 317-3 서울민병원",127.0272256,37.6224982
"서울특별시 강북구 도봉로 181 (미아동)","서울특별시 강북구 미아동 304-7 성신병원",127.02626,37.624878
"서울특별시 강북구 도봉로 266 (미아동)","서울특별시 강북구 미아동 189-6 포근한노인전문병원",127.0241539,37.6322589
"서울특별시 강북구 도봉로 301 (수유동)","서울특별시 강북구 수유동 45-9 대한병원",127.022671,37.6354498
"서울특별시 강북구 도봉로 374 (번동)","서울특별시 강북구 번동 463-44 서울현대병원",127.0285046,37.6402518
"서울특별시 강북구 도봉로81길 10-9 (수유동)","서울특별시 강북구 수유동 45-37 대한병원",127.0226767,37.6353804
"서울특별시 강북구 삼각산로 20 (수유동)","서울특별시 강북구 수유동 521-57 현인노인전문병원",127.0066901,37.6385943
"서울특별시 강북구 삼각산로 22 (수유동)","서울특별시 강북구 수유동 521-59 현인양한방노인전문병원",127.006939,37.6387045
"서울특별시 강북구 삼양로 204 (미아동)","서울특별시 강북구 미아동 734-108 효성요양병원",127.0205114,37.6220456
"서울특별시 강북구 월계로 183 (번동)","서울특별시 강북구 번동 105-1 꿈의숲 요양병원",127.0448865,37.6205161
"서울특별시 강북구 한천로 1002 (번동)","서울특별시 강북구 번동 461-68 북서울요양병원",127.037216,37.6279206
"서울특별시 강북구 한천로 1083 (수유동)","서울특별시 강북구 수유동 188-1 광산타워(우리들병원)",127.0225839,37.6425343
"서울특별시 도봉구 도봉로 446 (창동)","서울특별시 도봉구 창동 650-46 강북힘찬병원",127.0332186,37.6457194
"서울특별시 도봉구 도봉로 604 (창동)","서울특별시 도봉구 창동 731-1 에이치큐브병원",127.0410177,37.6582748
"서울특별시 도봉구 도봉로 628 (창동)","서울특별시 도봉구 창동 749-10 바로선병원",127.0421625,37.6603877
"서울특별시 도봉구 도봉로 718 (방학동)","서울특별시 도봉구 방학동 705-7 도봉병원",127.0437118,37.6685173
"서울특별시 도봉구 도봉로 720 (방학동)","서울특별시 도봉구 방학동 705-4 도봉병원",127.0437118,37.6685173
"서울특별시 도봉구 우이천로 308 (쌍문동)","서울특별시 도봉구 쌍문동 388-1 한일병원",127.0289623,37.6463593
"서울특별시 도봉구 해등로 129 (창동)","서울특별시 도봉구 창동 715-28 다나병원",127.0404182,37.6550091
"서울특별시 노원구 공릉로 327 (하계동)","서울특별시 노원구 하계동 279-5 을지병원",127.069959,37.636417
"서울특별시 노원구 공릉로59나길 52 (하계동)","서울특별시 노원구 하계동 279-8 을지병원",127.069959,37.636417
"서울특별시 노원구 공릉로59나길 70 (하계동)","서울특별시 노원구 하계동 190-1 을지병원",127.069959,37.636417
"서울특별시 노원구 노원로 416 (상계동)","서울특별시 노원구 상계동 301-6 아미여성병원",127.0670533,37.656415
"서울특별시 노원구 노원로 448 (상계동)","서울특별시 노원구 상계동 373-71 메디아이여성병원",127.0670533,37.656415
"서울특별시 노원구 동일로 987 (공릉동)","서울특별시 노원구 공릉동 680-9 태릉성심종합병원(치과 요양 정신건강)",127.074937,37.6182173
"서울특별시 노원구 동일로 996 (공릉동)","서울특별시 노원구 공릉동 617-4 강북연세병원",127.0751414,37.6196446
"서울특별시 노원구 동일로 1085 (공릉동)","서울특별시 노원구 공릉동 379-20 샘병원빌딩",127.0720931,37.6266565
"서울특별시 노원구 동일로243길 45 (상계동)","서울특별시 노원구 상계동 1142-9 사랑요양병원",127.052625,37.678406
"서울특별시 노원구 상계로10길 13 (상계동)","서울특별시 노원구 상계동 373-7 메디아이여성병원",127.0670533,37.656415
"서울특별시 노원구 한글비석로 68 (하계동)","서울특별시 노원구 하계동 280-1 을지병원",127.068781,37.636011
"서울특별시 노원구 화랑로 323 (월계동)","서울특별시 노원구 월계동 50-1 더조은요양병원",127.063682,37.614864
"서울특별시 노원구 화랑로 425-8 (공릉동)","서울특별시 노원구 공릉동 680-17 태능성심병원장례식장",127.0750697,37.6182247
"서울특별시 은평구 갈현로7길 49 (역촌동)","서울특별시 은평구 역촌동 산31-1 서울서북병원",126.9050867,37.6042789
"서울특별시 은평구 백련산로 90 (응암동)","서울특별시 은평구 응암동 232-3 은평병원",126.9232968,37.594201
"서울특별시 은평구 서오릉로 45 (녹번동)","서울특별시 은평구 녹번동 153-21 최원호병원",126.9238183,37.6047179
"서울특별시 은평구 연서로 10 (역촌동)","서울특별시 은평구 역촌동 44-28 리드힐병원",126.916442,37.5998101
"서울특별시 은평구 연서로 177 (갈현동)","서울특별시 은평구 갈현동 462-52 은평연세병원",126.9174877,37.6146802
"서울특별시 은평구 연서로13길 17 (구산동)","서울특별시 은평구 구산동 19-8 컴퓨터병원",126.9140983,37.6096692
"서울특별시 은평구 응암로 164 (응암동)","서울특별시 은평구 응암동 603-60 인정병원",126.916336,37.586506
"서울특별시 은평구 진흥로 191 (대조동)","서울특별시 은평구 대조동 15-123 서울병원",126.9307367,37.6087723
"서울특별시 은평구 통일로 873 (갈현동)","서울특별시 은평구 갈현동 395-1 청구성심병원",126.919588,37.6208074
"서울특별시 은평구 통일로 933 (갈현동)","서울특별시 은평구 갈현동 390-19 은평 요양 병원(C동)",126.919781,37.6261721
"서울특별시 서대문구 성산로 335 (연희동)","서울특별시 서대문구 연희동 192-32 강북성모요양병원",126.9276689,37.5660617
"서울특별시 서대문구 성산로 365-14 (연희동)","서울특별시 서대문구 연희동 194-37 동서한방병원",126.9302449,37.5646364
"서울특별시 서대문구 세무서길 20 (홍제동)","서울특별시 서대문구 홍제동 234-2 대성병원",126.945786,37.5889752
"서울특별시 서대문구 연희로 272 (홍은동)","서울특별시 서대문구 홍은동 430 동신병원",126.9367037,37.5815869
"서울특별시 서대문구 연희로10가길 62 (연희동)","서울특별시 서대문구 연희동 194-33 동서한방병원",126.9302449,37.5646364
"서울특별시 서대문구 통일로 442 (홍제동)","서울특별시 서대문구 홍제동 251-4 제이여성병원",126.9449078,37.5884637
"서울특별시 마포구 광성로 32 (신수동)","서울특별시 마포구 신수동 91-600 붕붕자동차병원",126.9344106,37.5428456
"서울특별시 마포구 백범로 26 (신수동)","서울특별시 마포구 신수동 81-101 세솟는병원",126.9370743,37.5523286
"서울특별시 마포구 월드컵북로 494 (상암동)","서울특별시 마포구 상암동 1738 푸르메재단넥슨어린이재활병원",126.8808497,37.5841516
"서울특별시 양천구 국회대로 248 (신정동)","서울특별시 양천구 신정동 897-2 병원부설주차장",126.8625158,37.5291054
"서울특별시 양천구 국회대로 250 (신정동)","서울특별시 양천구 신정동 897-13 홍익병원별관",126.8627012,37.529147
"서울특별시 양천구 남부순환로 331 (신월동)","서울특별시 양천구 신월동 51-9 메디힐병원",126.8280387,37.537254
"서울특별시 양천구 등촌로 22 (목동)","서울특별시 양천구 목동 793-3 홍익병원목동관",126.8640927,37.5318981
"서울특별시 양천구 목동로 225 (신정동)","서울특별시 양천구 신정동 899-1 홍익병원본관",126.8636189,37.5284349
"서울특별시 양천구 신목로 120 (목동)","서울특별시 양천구 목동 404-3 힘찬병원",126.8768007,37.5249624
"서울특별시 양천구 신정이펜1로 20 (신정동)","서울특별시 양천구 신정동 1320-7 서울특별시서남병원",126.8332222,37.5119722
"서울특별시 양천구 안양천로 1071 (목동)","서울특별시 양천구 목동 911-1 이화여대목동병원",126.8855845,37.5371113
"서울특별시 양천구 오목로 121 (신정동)","서울특별시 양천구 신정동 942-12 양천효병원",126.8510942,37.5242322
"서울특별시 양천구 오목로 351 (목동)","서울특별시 양천구 목동 404-256 동신한방병원",126.876814,37.524622
"서울특별시 강서구 가로공원로 187 (화곡동)","서울특별시 강서구 화곡동 377-8 나누리강서병원",126.8366869,37.5373118
"서울특별시 강서구 강서로 295 (내발산동)","서울특별시 강서구 내발산동 701-4 의)성삼의료재단미즈메디병원",126.8358786,37.5521825
"서울특별시 강서구 강서로 307 (내발산동)","서울특별시 강서구 내발산동 678-7 서울스타병원빌딩",126.8363312,37.5533321
"서울특별시 강서구 강서로 318 (내발산동)","서울특별시 강서구 내발산동 677 웰튼병원",126.8370486,37.553991
"서울특별시 강서구 강서로47가길 3 (내발산동)","서울특별시 강서구 내발산동 701 키즈메디병원",126.8358786,37.5521825
"서울특별시 강서구 강서로56길 38 (등촌동)","서울특별시 강서구 등촌동 671 강서힘찬병원",126.840646,37.5591924
"서울특별시 강서구 공항대로 260 (마곡동)","서울특별시 강서구 마곡동 808 이화의대부속서울병원",126.8364898,37.557699
"서울특별시 강서구 공항대로 389 (등촌동)","서울특별시 강서구 등촌동 657 부민병원",126.850927,37.556895
"서울특별시 강서구 국회대로 233 (화곡동)","서울특별시 강서구 화곡동 786-6 새미래요양병원",126.8608475,37.5296751
"서울특별시 강서구 금낭화로 9 (방화동)","서울특별시 강서구 방화동 606-36 바른세상병원",126.8115905,37.5660956
"서울특별시 강서구 까치산로 23 (화곡동)","서울특별시 강서구 화곡동 105-68 더와이즈황병원",126.8428801,37.5420409
"서울특별시 강서구 등촌로 181 (등촌동)","서울특별시 강서구 등촌동 512-5 실로암안과병원",126.8623146,37.5458388
"서울특별시 강서구 양천로 45-5 (방화동)","서울특별시 강서구 방화동 487-5 강서성모병원",126.808871,37.573222
"서울특별시 강서구 양천로 712 (염창동)","서울특별시 강서구 염창동 263-3 강서연세병원",126.8747991,37.5492699
"서울특별시 강서구 화곡로 188 (화곡동)","서울특별시 강서구 화곡동 114-12 더와이즈황병원",126.8428801,37.5420409
"서울특별시 구로구 개봉로 126 (개봉동)","서울특별시 구로구 개봉동 353-2 구로다나병원빌딩",126.8568913,37.4968022
"서울특별시 구로구 개봉로19길 3 (개봉동)","서울특별시 구로구 개봉동 403-29 강서진료병원",126.855678,37.4926528
"서울특별시 구로구 경인로 427 (고척동)","서울특별시 구로구 고척동 76-189 구로성심병원",126.8663721,37.499638
"서울특별시 구로구 고척로21나길 88-41 (개봉동)","서울특별시 구로구 개봉동 43-1 미소들병원",126.8411893,37.5028483
"서울특별시 구로구 구로동로 148 (구로동)","서울특별시 구로구 구로동 80 고려대부속구로병원",126.8849478,37.4922173
"서울특별시 구로구 구로동로28길 33-41 (구로동)","서울특별시 구로구 구로동 329-51 고대구로병원어린이집",126.885731,37.49219
"서울특별시 구로구 남부순환로 1287 (가리봉동)","서울특별시 구로구 가리봉동 137-8 정성요양병원",126.8938691,37.4789329
"서울특별시 구로구 새말로 60 (구로동)","서울특별시 구로구 구로동 552-148 제중요양병원",126.8867502,37.5025828
"서울특별시 구로구 서해안로 2296 (오류동)","서울특별시 구로구 오류동 159 삼성미래여성병원",126.8403576,37.4911762
"서울특별시 구로구 중앙로 10-15 (고척동)","서울특별시 구로구 고척동 76-147 구로성심병원별관",126.8663721,37.499638
"서울특별시 구로구 중앙로 100 (고척동)","서울특별시 구로구 고척동 191-1 연세사랑모아여성병원",126.8606021,37.5063195
"서울특별시 금천구 남부순환로 1398 (독산동)","서울특별시 금천구 독산동 899-5 구로한방병원",126.9061018,37.4799212
"서울특별시 금천구 독산로 125-1 (시흥동)","서울특별시 금천구 시흥동 852-34 성메디칼병원빌딩",126.9049241,37.4585467
"서울특별시 금천구 시흥대로 244 (시흥동)","서울특별시 금천구 시흥동 882-31 희명병원",126.9005925,37.4556729
"서울특별시 금천구 시흥대로 248 (시흥동)","서울특별시 금천구 시흥동 882-29 희명병원",126.9005925,37.4556729
"서울특별시 금천구 시흥대로 250 (시흥동)","서울특별시 금천구 시흥동 882-25 희명병원주차타워",126.9000342,37.4638245
"서울특별시 금천구 시흥대로 449 (독산동)","서울특별시 금천구 독산동 150-5 새움병원",126.8976605,37.4729951
"서울특별시 금천구 시흥대로139길 8 (독산동)","서울특별시 금천구 독산동 150-7 새움병원",126.8976605,37.4729951
"서울특별시 영등포구 63로 10 (여의도동)","서울특별시 영등포구 여의도동 62 여의도성모병원",126.9366694,37.5182344
"서울특별시 영등포구 국회대로56길 18 (영등포동7가)","서울특별시 영등포구 영등포동7가 94-180 한강성심병원",126.9096996,37.52315
"서울특별시 영등포구 당산로31길 6 (당산동3가)","서울특별시 영등포구 당산동3가 386-3 영등포병원",126.8956711,37.5268296
"서울특별시 영등포구 당산로31길 10 (당산동3가)","서울특별시 영등포구 당산동3가 386-3 영등포병원",126.8956711,37.5268296
"서울특별시 영등포구 대림로 223 (대림동)","서울특별시 영등포구 대림동 782-3 명지춘혜병원",126.8971012,37.5007036
"서울특별시 영등포구 도림로 156 (대림동)","서울특별시 영등포구 대림동 709-1 명지성모병원",126.8992293,37.4939312
"서울특별시 영등포구 버드나루로7길 12 (영등포동7가)","서울특별시 영등포구 영등포동7가 94-200 한강성심병원",126.9096815,37.523134
"서울특별시 영등포구 시흥대로 657 (대림동)","서울특별시 영등포구 대림동 978-13 대림성모병원",126.9074342,37.4906558
"서울특별시 영등포구 신길로 1 (대림동)","서울특별시 영등포구 대림동 948-1 강남성심병원",126.908812,37.492737
"서울특별시 영등포구 신길로1길 6 (대림동)","서울특별시 영등포구 대림동 919-2 한림대부속 강남성심병원 별관",126.908812,37.492737
"서울특별시 영등포구 양평로22사길 9 (양평동5가)","서울특별시 영등포구 양평동5가 121-1 서울은빛병원",126.8950061,37.5407865
"서울특별시 영등포구 여의대방로53길 22 (신길동)","서울특별시 영등포구 신길동 451-2 성애병원",126.9223932,37.5119571
"서울특별시 영등포구 영등포로 83 (양평동1가)","서울특별시 영등포구 양평동1가 28-4 한강수병원",126.890717,37.5223465
"서울특별시 영등포구 영등포로 386 (신길동)","서울특별시 영등포구 신길동 65-33 어울림병원",126.9209618,37.5132975
"서울특별시 영등포구 영등포로36길 13 (영등포동4가)","서울특별시 영등포구 영등포동4가 90 충무병원",126.9036975,37.5186951
"서울특별시 동작구 보라매로5길 20 (신대방동)","서울특별시 동작구 신대방동 425 서울특별시보라매병원",126.9246093,37.4933373
"서울특별시 동작구 사당로 229 (사당동)","서울특별시 동작구 사당동 265-12 모범동물병원",126.9733334,37.483656
"서울특별시 동작구 상도로 146 (상도동)","서울특별시 동작구 상도동 188-19 동작경희병원",126.9358088,37.5025141
"서울특별시 동작구 상도로 262 (상도동)","서울특별시 동작구 상도동 34-18 우리아이동물병원",126.9468978,37.5038002
"서울특별시 동작구 성대로5길 2 (상도동)","서울특별시 동작구 상도동 250-16 상도성모병원",126.9332258,37.4993755
"서울특별시 동작구 시흥대로 670 (신대방동)","서울특별시 동작구 신대방동 586-12 한독병원",126.9089846,37.4912776
"서울특별시 동작구 양녕로 283 (상도1동)","서울특별시 동작구 상도1동 614-1 상도정동병원",126.9495375,37.5048576
"서울특별시 동작구 장승배기로 108 (노량진동)","서울특별시 동작구 노량진동 311-8 청화병원",126.9402111,37.5071004
"서울특별시 동작구 흑석로 102 (흑석동)","서울특별시 동작구 흑석동 224-1 중앙대학교병원",126.9605231,37.5069754
"서울특별시 관악구 관악로 242 (봉천동)","서울특별시 관악구 봉천동 36-83 강남고려병원",126.9566976,37.4856647
"서울특별시 관악구 남부순환로 1449 (신림동)","서울특별시 관악구 신림동 543-18 서울본병원",126.9118202,37.4815354
"서울특별시 관악구 남부순환로 1636 (신림동)","서울특별시 관악구 신림동 10-715 양지병원",126.9325109,37.4842166
"서울특별시 관악구 남부순환로 1640 (신림동)","서울특별시 관악구 신림동 10-207 양지병원",126.9325109,37.4842166
"서울특별시 관악구 남부순환로 1785 (봉천동)","서울특별시 관악구 봉천동 884-44 미래드림여성병원",126.9486649,37.4819379
"서울특별시 관악구 남부순환로 1860 (봉천동)","서울특별시 관악구 봉천동 1664-1 사랑의병원",126.9562706,37.479575
"서울특별시 관악구 남부순환로 1867 (봉천동)","서울특별시 관악구 봉천동 1673-17 장튼위튼병원",126.9572502,37.4797413
"서울특별시 관악구 미성3길 25 (신림동)","서울특별시 관악구 신림동 727-44 조인트힐병원",126.9175728,37.4737449
"서울특별시 서초구 강남대로 505 (반포동)","서울특별시 서초구 반포동 736-9 고도일 병원",127.0226847,37.5069637
"서울특별시 서초구 남부순환로 2137 (방배동)","서울특별시 서초구 방배동 479-5 연세사랑병원",126.9864676,37.4760273
"서울특별시 서초구 남부순환로 2151 (방배동)","서울특별시 서초구 방배동 481-7 대항병원",126.9879405,37.4755368
"서울특별시 서초구 남부순환로317길 82-9 (서초동)","서울특별시 서초구 서초동 1460-12 부원의료재단서초요양병원신관",127.0093404,37.4830882
"서울특별시 서초구 동광로 5 (방배동)","서울특별시 서초구 방배동 2240 강남의림한방병원",126.9834711,37.4910441
"서울특별시 서초구 바우뫼로35길 32 (양재동)","서울특별시 서초구 양재동 20-7 참포도나무병원",127.0386712,37.4798714
"서울특별시 서초구 반포대로 222 (반포동)","서울특별시 서초구 반포동 505 가톨릭중앙의료원 새병원 및 성의회관",127.0051811,37.500612
"서울특별시 서초구 서초대로 116 (방배동)","서울특별시 서초구 방배동 896-1 방배제일병원",126.995025,37.4878254
"서울특별시 서초구 서초중앙로 39 (서초동)","서울특별시 서초구 서초동 1602-8 21세기 병원",127.0156973,37.4852381
"서울특별시 서초구 서초중앙로 47 (서초동)","서울특별시 서초구 서초동 1600-10 세바른병원",127.0150218,37.4862761
"서울특별시 서초구 서초중앙로 126 (서초동)","서울특별시 서초구 서초동 1657-1 서울365mc병원",127.0140853,37.4929485
"서울특별시 서초구 신반포로49길 3 (잠원동)","서울특별시 서초구 잠원동 38-25 기린한방병원",127.0200781,37.5110423
"서울특별시 서초구 양재대로 54 (우면동)","서울특별시 서초구 우면동 791 서초 참병원",127.0261528,37.4597795
"서울특별시 서초구 헌릉로 260 (내곡동)","서울특별시 서초구 내곡동 375 서울시립어린이병원",127.0688387,37.4554808
"서울특별시 서초구 효령로 10 (방배동)","서울특별시 서초구 방배동 478-3 연세사랑병원",126.9867021,37.4766584
"서울특별시 강남구 강남대로 536 (논현동)","서울특별시 강남구 논현동 142-3 자생한방병원",127.0223269,37.5098959
"서울특별시 강남구 남부순환로 2633 (도곡동)","서울특별시 강남구 도곡동 914-2 강남베드로병원",127.0378101,37.4852321
"서울특별시 강남구 남부순환로 2649 (도곡동)","서울특별시 강남구 도곡동 910-27 베드로병원",127.039546,37.4855629
"서울특별시 강남구 논현로 534 (역삼동)","서울특별시 강남구 역삼동 667-10 강남제일병원 별관",127.0357326,37.5039521
"서울특별시 강남구 논현로 705 (논현동)","서울특별시 강남구 논현동 37-18 메드렉스병원",127.0300997,37.5148919
"서울특별시 강남구 논현로86길 21 (역삼동)","서울특별시 강남구 역삼동 718-35 한서병원",127.0391661,37.5002878
"서울특별시 강남구 도곡로 216 (도곡동)","서울특별시 강남구 도곡동 542 모커리한방병원",127.0186328,37.494888
"서울특별시 강남구 도곡로 237 (역삼동)","서울특별시 강남구 역삼동 786-18 강남세브란스병원 의생명연구센터",127.0444752,37.4938641
"서울특별시 강남구 도곡로 429 (대치동)","서울특별시 강남구 대치동 939-24 베스티안병원",127.057186,37.498017
"서울특별시 강남구 도곡로 452 (대치동)","서울특별시 강남구 대치동 1021-4 미즈메디병원",127.059931,37.4979914
"서울특별시 강남구 도산대로 142 (논현동)","서울특별시 강남구 논현동 5-6 아이디병원",127.0241923,37.5176626
"서울특별시 강남구 도산대로 202 (논현동)","서울특별시 강남구 논현동 59 강남을지병원",127.0285771,37.5193936
"서울특별시 강남구 도산대로 209 (신사동)","서울특별시 강남구 신사동 587-16 느루요양병원빌딩",127.0293777,37.5204652
"서울특별시 강남구 도산대로16길 4 (논현동)","서울특별시 강남구 논현동 5-20 아이디병원",127.0267016,37.515373
"서울특별시 강남구 봉은사로 535 (삼성동)","서울특별시 강남구 삼성동 77-23 트리니티 요양병원빌딩",127.0587396,37.5141361
"서울특별시 강남구 봉은사로 612 (삼성동)","서울특별시 강남구 삼성동 161 광동한방병원",127.0621017,37.5142094
"서울특별시 강남구 삼성로 402 (대치동)","서울특별시 강남구 대치동 960-5 강남위담한방병원",127.0541028,37.5013775
"서울특별시 강남구 삼성로 707 (청담동)","서울특별시 강남구 청담동 47-3 우리들병원 별관",127.0497131,37.518959
"서울특별시 강남구 삼성로147길 46 (청담동)","서울특별시 강남구 청담동 15-1 청담병원",127.0456251,37.5207093
"서울특별시 강남구 선릉로 404 (대치동)","서울특별시 강남구 대치동 907-16 누네안과병원",127.0509776,37.5009285
"서울특별시 강남구 선릉로 571 (역삼동)","서울특별시 강남구 역삼동 682-23 KS병원",127.0439293,37.5092784
"서울특별시 강남구 선릉로 757 (논현동)","서울특별시 강남구 논현동 94-9 청담씨티요양병원",127.039167,37.5216174
"서울특별시 강남구 압구정로 304 (신사동)","서울특별시 강남구 신사동 638-1 윤호병원",127.034371,37.52882
"서울특별시 강남구 압구정로28길 17 (신사동)","서울특별시 강남구 신사동 582 청박병원",127.0278464,37.5254029
"서울특별시 강남구 언주로 211 (도곡동)","서울특별시 강남구 도곡동 146-92 강남세브란스병원",127.0463261,37.4927395
"서울특별시 강남구 언주로 731 (논현동)","서울특별시 강남구 논현동 63-8 나누리병원",127.0340592,37.5203081
"서울특별시 강남구 언주로 871 (신사동)","서울특별시 강남구 신사동 617-5 호산병원",127.0332539,37.5283983
"서울특별시 강남구 언주로170길 5 (신사동)","서울특별시 강남구 신사동 636-22 자생한방병원",127.0223269,37.5098959
"서울특별시 강남구 언주로63길 20 (역삼동)","서울특별시 강남구 역삼동 783-21 강남세브란스병원 교수연구동",127.0446597,37.4944418
"서울특별시 강남구 역삼로 430 (대치동)","서울특별시 강남구 대치동 910-1 하나한방병원",127.0540879,37.5013661
"서울특별시 강남구 영동대로 225 (대치동)","서울특별시 강남구 대치동 994-5 경희한방병원",127.0676319,37.4992302
"서울특별시 강남구 영동대로 626 (삼성동)","서울특별시 강남구 삼성동 90-14 GNG 병원 빌딩",127.0596496,37.5162264
"서울특별시 강남구 영동대로 713 (청담동)","서울특별시 강남구 청담동 71-3 튼튼병원빌딩",127.0557427,37.5212817
"서울특별시 강남구 영동대로86길 9 (대치동)","서울특별시 강남구 대치동 995-25 광혜병원",127.0647683,37.5081268
"서울특별시 강남구 일원로 81 (일원동)","서울특별시 강남구 일원동 50 삼성서울병원",127.0855952,37.4881568
"서울특별시 강남구 학동로 121 (논현동)","서울특별시 강남구 논현동 55-3 민병원강남타워",127.0243018,37.5122307
"서울특별시 강남구 학동로 445 (청담동)","서울특별시 강남구 청담동 47-4 우리들병원",127.0497131,37.518959
"서울특별시 강남구 학동로4길 7 (논현동)","서울특별시 강남구 논현동 122-5 에스오케이병원",127.0231638,37.5109971
"서울특별시 강남구 헌릉로590길 60 (세곡동)","서울특별시 강남구 세곡동 521 강남구립 행복요양병원",127.1027479,37.4614899
"서울특별시 송파구 마천로 164 (오금동)","서울특별시 송파구 오금동 126 송파참병원",127.1373967,37.5034894
"서울특별시 송파구 마천로15길 6 (오금동)","서울특별시 송파구 오금동 77 인애가한방병원",127.1351226,37.5052396
"서울특별시 송파구 문정로 65 (문정동)","서울특별시 송파구 문정동 17-5 인애가한방병원",127.129457,37.4872417
"서울특별시 송파구 백제고분로 436 (송파동)","서울특별시 송파구 송파동 135-3 서재곤 링커병원",127.1119672,37.5097019
"서울특별시 송파구 백제고분로39길 14-20 (석촌동)","서울특별시 송파구 석촌동 176-3 한솔병원 소화기 센터",127.1060427,37.5060244
"서울특별시 송파구 삼전로 94 (삼전동)","서울특별시 송파구 삼전동 1-7 수병원",127.0905159,37.5033223
"서울특별시 송파구 송이로 76 (가락동)","서울특별시 송파구 가락동 159-7 뉴스타트병원",127.1194189,37.4992625
"서울특별시 송파구 송이로 123 (가락동)","서울특별시 송파구 가락동 58 국립경찰병원",127.1241709,37.4966868
"서울특별시 송파구 송이로 147 (가락동)","서울특별시 송파구 가락동 123-16 만당한방병원",127.1244895,37.4938615
"서울특별시 송파구 송이로 152 (가락동)","서울특별시 송파구 가락동 121-2 마리아 의료재단 새병원",127.1243146,37.4933421
"서울특별시 송파구 송파대로 445 (석촌동)","서울특별시 송파구 석촌동 174-13 한솔병원",127.1060427,37.5060244
"서울특별시 송파구 오금로 290 (가락동)","서울특별시 송파구 가락동 2 서울병원",127.124774,37.5038588
"서울특별시 송파구 오금로36길 4-23 (가락동)","서울특별시 송파구 가락동 3-4 서울병원",127.1234353,37.4963176
"서울특별시 송파구 올림픽로 579 (풍납동)","서울특별시 송파구 풍납동 496-5 서울초이스병원",127.1211921,37.5336942
"서울특별시 송파구 올림픽로43길 88 (풍납동)","서울특별시 송파구 풍납동 388-1 서울아산병원",127.108381,37.526922
"서울특별시 송파구 위례성대로16길 4-17 (방이동)","서울특별시 송파구 방이동 192-3 나무종합병원",127.1240628,37.5125688
"서울특별시 송파구 중대로 지하 149 (가락동)","서울특별시 송파구 가락동 10-15 경찰병원역",127.124206,37.495701
"서울특별시 강동구 강동대로 143-52 (성내동)","서울특별시 강동구 성내동 452 느루요양병원빌딩",127.0293777,37.5204652
"서울특별시 강동구 동남로 지하 625 (둔촌동)","서울특별시 강동구 둔촌동 8-1 중앙보훈병원역",127.1476326,37.5268002
"서울특별시 강동구 동남로 892 (상일동)","서울특별시 강동구 상일동 149 강동경희대학교병원",127.157008,37.5524842
"서울특별시 강동구 성내로 66 (성내동)","서울특별시 강동구 성내동 548-5 채원자연통합병원빌딩",127.1271239,37.5276451
"서울특별시 강동구 성내로6길 15 (성내동)","서울특별시 강동구 성내동 551-3 인애가한방병원",127.1229842,37.5288198
"서울특별시 강동구 성안로 150 (길동)","서울특별시 강동구 길동 445 강동성심병원",127.1353505,37.5361
"서울특별시 강동구 올림픽로 684 (천호동)","서울특별시 강동구 천호동 357 서울현대요양병원",127.12481,37.542069
"서울특별시 강동구 올림픽로98길 8 (암사동)","서울특별시 강동구 암사동 501-10 동부센트럴요양병원",127.1284231,37.5510975
"서울특별시 강동구 진황도로61길 53 (둔촌동)","서울특별시 강동구 둔촌동 6-2 중앙보훈병원",127.1480435,37.5305849
"서울특별시 강동구 천호대로 1043 (천호동)","서울특별시 강동구 천호동 452-1 강동미즈병원",127.1280905,37.5375811
"서울특별시 강동구 천호대로 1151 (길동)","서울특별시 강동구 길동 426 고은빛여성병원",127.1392443,37.5340868
"서울특별시 강동구 천호대로170길 19 (성내동)","서울특별시 강동구 성내동 199-5 조은마디병원",127.1331985,37.5342371
"서울특별시 강동구 천호대로173길 18 (길동)","서울특별시 강동구 길동 447-2 강동성심병원",127.135423,37.5361787
