"학원명","학원주소","lon","lat"
"서울간호학원","서울특별시 성북구 동소문로 113 , 4,5층 (동선동4가,태인빌딩)",127.0174094,37.5933933
"피플미술학원","서울특별시 성북구 동소문로22길 4 , 4층 (동선동1가)",127.0178362,37.5916313
"큰별음악학원","서울특별시 성북구 솔샘로4길 46   외 5필지 성신플라자 401호 4층 (정릉동)",127.0073678,37.6084254
"신글로리아음악학원","서울특별시 강북구 도봉로30길 34   2층 (미아동)",127.026935,37.6269767
"새서울음악학원","서울특별시 성북구 동소문로 298 , 3층 (하월곡동)",127.040531,37.6118768
"하얀나무미술학원","서울특별시 성북구 동소문로 122   2-3층 (동선동1가)",127.0172996,37.5923125
"학림독서실","서울특별시 성북구 한천로 592 , 2층 (석관동)",127.0616458,37.6121466
"샘독서실","서울특별시 강북구 삼각산로 110 , 2층 3층 (수유동)",127.0163285,37.640597
"숭덕독서실","서울특별시 성북구 정릉로31나길 4   2층 (정릉동)",127.0153193,37.6039869
"세영보습학원","서울특별시 성북구 동소문로20길 28-7   1층-4층 (동소문동5가)",127.0163051,37.5911292
"최선생중국어학원","서울특별시 강북구 솔샘로 199   2층 (미아동)",127.0147689,37.6203009
"슈베르트음악학원","서울특별시 강북구 한천로 981 , 3층 일부 (번동)",127.037216,37.6279206
"KEC보습학원","서울특별시 성북구 돌곶이로 186-1 (장위동)",127.0488662,37.6172982
"정석사관학원","서울특별시 성북구 아리랑로 117   3층 (정릉동)",127.0132933,37.6021796
"월드보습학원","서울특별시 성북구 돌곶이로 68 , 2층 일부 (석관동, 서울프라자)",127.0582742,37.609786
"백운음악학원","서울특별시 강북구 삼양로123길 1 , 3층 (수유동, 우리은행)",127.015417,37.6447584
"나무미술학원","서울특별시 성북구 장위로21다길 76 (장위동)",127.0468191,37.6168699
"으뜸보습학원","서울특별시 성북구 정릉로27길 25 (정릉동)",127.0132424,37.6049201
"안암보습학원","서울특별시 성북구 종암로19길 13   3층 (종암동)",127.0340422,37.5982002
"강북고려학원","서울특별시 강북구 삼각산로 90   2층 (수유동)",127.014083,37.6402394
"정음악학원","서울특별시 성북구 동소문로 88 , 3층 (동소문동5가)",127.0135727,37.5917408
"대일음악학원","서울특별시 성북구 보국문로16길 74   2층 (정릉동)",127.0104426,37.6129663
"왕월드컴퓨터학원","서울특별시 강북구 한천로 1088 , 3층 (수유동, 현진빌딩)",127.0226297,37.6431929
"스스로러닝센터종암예일학원","서울특별시 성북구 종암로5길 21 , 2층 (종암동)",127.0345557,37.5942191
"안선생보습학원","서울특별시 성북구 종암로 73 , 4층 일부 (종암동)",127.0349737,37.5968391
"제원속셈학원","서울특별시 성북구 성북로 17 (성북동1가)",127.0039089,37.5887961
"어린음악대성북원음악학원","서울특별시 강북구 도봉로33길 38   3층 (미아동)",127.0264618,37.621528
"강북세종학원","서울특별시 강북구 도봉로67길 35 , 4층 일부 좌측 (미아동,홍보빌딩)",127.0225015,37.6300513
"아이즈학원","서울특별시 성북구 서경로 55 , 4층 일부 (정릉동, 서륭빌딩)",127.0152147,37.608197
"글로리아음악학원","서울특별시 성북구 보문로29길 121 , 2층 (삼선동3가)",127.0122651,37.5852982
"에덴음악학원","서울특별시 강북구 삼양로49길 8 , 3층 (미아동, 고려학원)",127.0269077,37.6268335
"중앙영재보습학원","서울특별시 강북구 월계로37길 65   한진아파트 상가 2층 (번동)",127.0445725,37.6248067
"에델피아노음악학원","서울특별시 성북구 돌곶이로22가길 12   3층 (석관동)",127.0596086,37.6097669
"바로컴퓨터학원","서울특별시 강북구 삼양로118길 42 , 3층 (수유동)",127.0184086,37.6439733
"예지음악학원","서울특별시 강북구 인수봉로 132 , 2층 (수유동)",127.0138627,37.6315291
"NEW한솔보습학원","서울특별시 강북구 솔샘로47길 22   2층 (미아동)",127.0183805,37.6209626
"대성미용학원","서울특별시 성북구 도봉로 31 , 3층 (길음동)",127.0299196,37.6119369
"대광독서실","서울특별시 성북구 성북로2길 50 , 1층~3층 (동소문동1가)",127.008521,37.5898847
"샛별피아노학원","서울특별시 성북구 장위로48길 15 (장위동)",127.0557611,37.6147
"현대도배기술학원","서울특별시 강북구 도봉로53길 7 (미아동, 우원빌딩)",127.0253521,37.6267505
"칸타빌레음악학원","서울특별시 성북구 돌곶이로18길 14 (석관동)",127.0597607,37.6092059
"파란(보습)학원","서울특별시 성북구 정릉로52길 5   반석빌딩3층 (종암동)",127.0302173,37.6037498
"지영음악학원","서울특별시 성북구 아리랑로19길 20 (정릉동, 영신빌딩)",127.0122707,37.6025866
"한교위즈(wiz)어학원","서울특별시 강북구 도봉로71가길 11   2층 일부 (수유동)",127.0221713,37.6317362
"선화음악학원","서울특별시 강북구 한천로109길 47 , 2층 201호 (번동)",127.0416908,37.6274984
"리라미술학원","서울특별시 성북구 돌곶이로14길 12   2층 (석관동)",127.060416,37.6083425
"한올독서실","서울특별시 강북구 덕릉로40길 79   4층 (번동)",127.0335325,37.6343554
"스카이학원","서울특별시 강북구 노해로 96   2-4층 (수유동)",127.0231421,37.6438576
"탑플러스학원","서울특별시 강북구 오현로 22   2-3층 (미아동)",127.0269077,37.6268335
"라움음악학원","서울특별시 강북구 삼각산로 143-1   벽산아파트 상가B동 305호 (수유동)",127.0189389,37.6421703
"삼광보습학원","서울특별시 강북구 오패산로52길 35 , 2층, 3층 (미아동)",127.0320394,37.6244687
"박소정무용학원","서울특별시 강북구 한천로109길 57-15   3-4층 (번동)",127.0420225,37.6276029
"웅지독서실","서울특별시 강북구 오현로32길 4-8   동보프라자 5층 (번동)",127.0395223,37.628216
"신하버드독서실","서울특별시 강북구 도봉로13길 55   5층 (미아동)",127.0272877,37.6149535
"진무용학원","서울특별시 성북구 종암로 186   3층 (하월곡동)",127.0314391,37.6063828
"제일컴퓨터학원","서울특별시 성북구 정릉로31나길 8   1-2층 (정릉동)",127.0153188,37.6041139
"한신보습학원","서울특별시 성북구 동소문로 2 , 3층 (동소문동2가)",127.0070203,37.5885574
"돈암엘리트보습학원","서울특별시 성북구 동소문로 11 , 5층 (동소문동1가,세화빌딩)",127.0128821,37.5924212
"젠아이학원","서울특별시 강북구 삼양로 447 , 2층 (수유동)",127.0159155,37.6433056
"안암명문보습학원","서울특별시 성북구 안암로 95-3 , 2층전체 (안암동5가,우림빌딩)",127.0308316,37.5844223
"수유고려보습학원","서울특별시 강북구 한천로 1102   3층 (수유동)",127.0215096,37.6440072
"서정M학원","서울특별시 성북구 성북로8길 4   3층 (성북동)",127.0043319,37.5906171
"칸어학원","서울특별시 강북구 덕릉로 77   2-3층 (수유동)",127.022305,37.6347566
"하나보습학원","서울특별시 강북구 덕릉로 77   3층 (수유동)",127.022305,37.6347566
"새열린보습학원","서울특별시 강북구 한천로105길 33   3-4층 (번동)",127.0458356,37.6254884
"바른길학원","서울특별시 성북구 한천로 588 , 2층 (석관동)",127.061952,37.6118454
"수학나무학원","서울특별시 성북구 북악산로31길 39 (종암동)",127.0350495,37.5937145
"선광보습학원","서울특별시 강북구 덕릉로 148   2층 (번동)",127.0301735,37.634945
"한신이화음악학원","서울특별시 성북구 성북로4길 52   한신아파트 스카이플라자 동관 8층 1804호 (돈암동)",127.0109401,37.5942553
"서울탑보습학원","서울특별시 성북구 보문로 90-2 , 2층 (보문동4가)",127.0178481,37.5876272
"E.EDU[이.에듀]학원","서울특별시 강북구 인수봉로 288   2-3층 (수유동)",127.0109841,37.6443339
"금탑독서실","서울특별시 성북구 정릉로38마길 29   우성상가 제1동 401호 4층 (정릉동)",127.0155984,37.6009374
"수학사랑보습학원","서울특별시 강북구 솔매로 103 , 2층 (미아동)",127.0236543,37.6256683
"세종보습학원","서울특별시 성북구 솔샘로6길 46-9   외 2필지 1-2층 (정릉동)",127.0077141,37.6089536
"풀초롱웅변학원","서울특별시 성북구 돌곶이로22가길 12 , 4층 (석관동)",127.0596086,37.6097669
"예우전산세무회계학원","서울특별시 강북구 도봉로 129   동진빌딩 2층 (미아동)",127.027352,37.6239731
"대종학원","서울특별시 강북구 오현로 194   4-5층 (번동)",127.0398598,37.6288395
"염성훈수학학원","서울특별시 강북구 삼양로19길 206 , 6 (미아동,선경빌딩)",127.0179027,37.6155853
"신라보습학원","서울특별시 성북구 장위로38길 59   2층 (장위동)",127.0514119,37.6107492
"아주독서실","서울특별시 성북구 종암로9길 3   외 3필지 4층 (종암동)",127.0349468,37.5954135
"집현전독서실","서울특별시 강북구 도봉로53길 27   외 2필지 2-3층 (미아동)",127.0242353,37.6264624
"새연세음악학원","서울특별시 강북구 인수봉로77길 20   2-3층 (수유동)",127.0097297,37.6445117
"연세음악학원","서울특별시 강북구 오현로32길 30   2층일부 (번동)",127.0408025,37.6278615
"태고려보습학원","서울특별시 성북구 돌곶이로8가길 2   2-3층 (석관동)",127.061731,37.6069879
"스펀지영어수학학원","서울특별시 성북구 동소문로13길 4   4층 (동소문동6가)",127.0130521,37.5921491
"하얀나무인트로만화학원","서울특별시 성북구 보문로38길 11 , 314,315호 (동소문동5가,돈암 동일하이빌)",127.0145464,37.5915696
"메디칼간호조무사학원","서울특별시 강북구 도봉로 353   6-7층 (수유동)",127.0264291,37.6390985
"황제음악학원","서울특별시 성북구 동소문로34길 24 , 4층 403호, 404호 (돈암동, 돈암삼성아파트제B상가동)",127.0244944,37.5988123
"우등독서실","서울특별시 성북구 솔샘로4길 46   외 5필지 성신프라자 301호 302호 303호 3층 (정릉동)",127.0073678,37.6084254
"강북비상학원","서울특별시 강북구 인수봉로 132   3층 (수유동)",127.0138627,37.6315291
"송금천음악학원","서울특별시 성북구 한천로76길 73   외 2필지 중앙하이츠아파트 상가동 301호 302호 (석관동)",127.0665152,37.6116698
"한국아인스학원","서울특별시 성북구 보문로13길 24   2층 (보문동7가)",127.021576,37.5802006
"엠씨에이학원","서울특별시 성북구 보국문로 34   3-4층 (정릉동)",127.0105585,37.6074647
"투탑학원","서울특별시 성북구 아리랑로 89 , 301호 (돈암동,일신건영휴먼빌아파트)",127.01269,37.600683
"세현보습학원","서울특별시 성북구 성북로4길 52 한진A상가 417-1803 (돈암동)",127.0109401,37.5942553
"고려e학원","서울특별시 강북구 숭인로 3   3-4층 (미아동)",127.0224115,37.6114902
"씨알학당보습학원","서울특별시 성북구 화랑로48길 16  두산A주상가 201호2층 (석관동)",127.0687734,37.6126112
"소리샘음악학원","서울특별시 성북구 아리랑로7길 5   부성빌딩 2층 (동소문동7가)",127.014336,37.5973092
"스카이독서실","서울특별시 성북구 성북로4길 52   한진상가 417-1206 (돈암동)",127.0109401,37.5942553
"석계뉴플러스영어수학전문학원","서울특별시 성북구 한천로76다길 46 , 3층 전체 (석관동)",127.0652421,37.6130401
"쎄븐음악학원","서울특별시 성북구 화랑로5길 42   외 4필지 3층 (하월곡동)",127.0394652,37.6043904
"예진음악학원","서울특별시 성북구 보국문로30길 15   3층 (정릉동, 정릉대우아파트)",127.00341,37.6179734
"로코코피아노학원","서울특별시 성북구 인촌로 37   2층 (안암동2가)",127.0209157,37.5868309
"ECC성북어학학원","서울특별시 성북구 아리랑로 7   유담빌딩 2-3층 (동소문동6가)",127.0159738,37.5933295
"송현정미술학원","서울특별시 성북구 종암로24가길 53   SK아파트 상가 3층 (종암동)",127.0371572,37.6011427
"손선생보습학원","서울특별시 성북구 장위로38길 50-1   2층 (장위동)",127.0510542,37.6110014
"꿈나무음악학원","서울특별시 성북구 서경로 55   3층 (정릉동)",127.0152062,37.608183
"한솔독서실","서울특별시 강북구 삼양로 577   2-3층 (우이동)",127.0126504,37.6543925
"와이에이치학원","서울특별시 강북구 삼각산로 132   4층 (수유동)",127.0189941,37.6408138
"ECC석계어학학원","서울특별시 성북구 화랑로 254   대성프라자 3층 (석관동)",127.057766,37.6109475
"마루지학원","서울특별시 성북구 종암로 120 , 5층일부 (종암동,금강빌딩)",127.0342408,37.6008372
"뮤직스토리음악학원","서울특별시 강북구 도봉로 209   5층 (미아동)",127.0257236,37.6264891
"지혜보습학원","서울특별시 성북구 오패산로3길 133 , 2~3층 (하월곡동)",127.0329407,37.6088477
"제이디보습학원","서울특별시 성북구 장월로 76   3층 (장위동)",127.0489769,37.6124299
"참사랑보습학원","서울특별시 성북구 종암로21길 97   2층 (종암동)",127.0313014,37.602245
"우등생보습학원","서울특별시 성북구 화랑로13길 75   2층 (하월곡동)",127.0407,37.6063043
"성원아카데미보습학원","서울특별시 성북구 장월로1길 57   5층 (상월곡동)",127.0451954,37.605929
"제2세진학원","서울특별시 강북구 오패산로 396-1   4층 (번동)",127.0278211,37.6366178
"엘리트독서실","서울특별시 성북구 동소문로34길 25   6층 (돈암동)",127.0221275,37.5990914
"비상보습학원","서울특별시 강북구 한천로 982 (번동)",127.0387673,37.6320834
"토미음악학원","서울특별시 강북구 삼양로87길 51-1 , 3층 일부 (수유동, 천수빌딩)",127.0150103,37.6360808
"예일학원","서울특별시 강북구 삼양로87길 51-1   2층 (수유동)",127.0150103,37.6360808
"강북옥스포드학원","서울특별시 강북구 인수봉로 243-1   1-2층 (수유동)",127.0111582,37.6404348
"남림학원","서울특별시 성북구 북악산로 816   3층 (정릉동)",127.0152661,37.6002895
"마이스터플로리스트꽃기예학원","서울특별시 성북구 성북로5길 37-2   1-2층 (성북동1가)",127.002777,37.5892794
"줄리어드음악학원","서울특별시 강북구 덕릉로 146   2층 (번동)",127.0300265,37.6349168
"뉴턴학원","서울특별시 강북구 오현로31길 75   3층 (번동)",127.0367854,37.6313635
"성북대성N학원","서울특별시 성북구 장월로3길 1 , 3층 302호,304호 (상월곡동,동아다누프라자)",127.0470055,37.6078584
"올림포스학원","서울특별시 성북구 오패산로 40   4층 일부 (하월곡동)",127.0371494,37.6056024
"JK정석학원","서울특별시 성북구 아리랑로 117 , 3층 일부 (정릉동, 형제빌딩)",127.0132984,37.6022255
"시온보습학원","서울특별시 성북구 삼양로 66 , 2층 201호,202호 (길음동, 동부크리닉센타)",127.0232704,37.608951
"신흥학원","서울특별시 성북구 아리랑로7길 5   부성빌딩3층 (동소문동7가)",127.014336,37.5973092
"한샘N.B학원","서울특별시 강북구 숭인로 19-7   1-2층 (미아동)",127.0242776,37.6123093
"다다학원","서울특별시 강북구 인수봉로 243-1   3층 (수유동)",127.0111582,37.6404348
"강지현전문피아노학원","서울특별시 성북구 장위로15길 1   2층 (장위동)",127.0412482,37.614328
"삼선실용음악학원","서울특별시 성북구 보문로 148   4층 (삼선동5가)",127.0141489,37.5893497
"이노씽크보습학원","서울특별시 성북구 장위로 58 (장위동)",127.0429598,37.613786
"예랑미술학원","서울특별시 성북구 아리랑로7길 6   2층 (동소문동7가)",127.0157427,37.5935604
"석계에이스학원","서울특별시 성북구 화랑로40길 55 , 3층~5층 (석관동, 동성빌딩)",127.0646624,37.6136527
"와이즈만영재학원","서울특별시 성북구 아리랑로5길 26 , 4층 (동소문동7가,경향빌딩)",127.0138263,37.5968651
"그레이스음악학원","서울특별시 강북구 오현로32길 4-3   다전빌딩 4층 (번동)",127.03985,37.6283655
"KEC어학학원","서울특별시 성북구 돌곶이로 186-1 , 2,3층 (장위동)",127.0488662,37.6172982
"숭례음악학원","서울특별시 성북구 종암로9길 5   2층 (종암동)",127.0350878,37.5954606
"우이정수학원","서울특별시 강북구 삼양로 593   2-3층 (우이동)",127.012998,37.655783
"정릉대성학원","서울특별시 성북구 정릉로31나길 8   1층 (정릉동)",127.0153188,37.6041139
"정석학원","서울특별시 성북구 장월로 121   1-4층 (장위동)",127.0488562,37.6164773
"엘림학원","서울특별시 강북구 삼양로20길 4   2층 (미아동)",127.0234359,37.6158351
"스터디빌독서실","서울특별시 강북구 삼양로 455   4층 (수유동)",127.0157688,37.6438594
"YBM잉글루미아제1학원","서울특별시 강북구 오패산로30길 27   외 1필지 2층 (미아동)",127.0269077,37.6268335
"김성림무용학원","서울특별시 성북구 정릉로38길 4   3층 일부 (정릉동)",127.0186883,37.6021102
"희망독서실","서울특별시 강북구 도봉로98길 33   3층 (번동)",127.0318898,37.6414177
"웰컴plus학원","서울특별시 강북구 한천로109길 72 , 5층 (번동,세종빌딩)",127.0403365,37.6273585
"길음지앤비보습학원","서울특별시 성북구 길음로9길 40 , 상가동 201호 (길음동,래미안길음1차)",127.0207143,37.6054197
"포인트학원","서울특별시 성북구 정릉로38길 8   2층 (정릉동)",127.0186442,37.6018422
"푸른동아영재학원2관","서울특별시 성북구 돌곶이로22길 45 , 2-3층 (석관동)",127.0603206,37.6106142
"WOW독서실","서울특별시 성북구 보국문로8길 109   1층 (정릉동)",127.0128998,37.6111308
"엔탑학원","서울특별시 강북구 도봉로13길 78   2층 (미아동)",127.0270141,37.6150891
"소나타음악학원","서울특별시 성북구 종암로27길 37 , 301호 일부 (종암동, 삼성 래미안아파트)",127.0303523,37.600976
"이화학원","서울특별시 성북구 장위로 188   3층 (장위동)",127.0560104,37.6164779
"새으뜸독서실","서울특별시 성북구 동소문로15길 49   외 1필지 1-2층 (동소문동6가)",127.0139252,37.5945468
"TTT어학학원","서울특별시 성북구 화랑로 21   4층 (하월곡동)",127.0421794,37.6055757
"예스[yes]독서실","서울특별시 성북구 보문로30길 14   2-4층 (보문동1가)",127.0186284,37.5883932
"청수학원","서울특별시 강북구 삼각산로 76 , 2층 (수유동)",127.0126084,37.6399316
"고려학원","서울특별시 성북구 오패산로3길 72   2층 (하월곡동)",127.0348365,37.6064935
"가슴엔푸른바다미술학원","서울특별시 성북구 삼양로 84   외 1필지 2층 (길음동)",127.0225352,37.6108632
"플레잉아트음악학원","서울특별시 성북구 지봉로 179-1   3층 (보문동2가)",127.0186007,37.5852394
"제일석탑학원","서울특별시 성북구 보문로13라길 5 , 2층 (보문동6가)",127.0177956,37.5806752
"세진학원","서울특별시 강북구 한천로123길 14   2-3층 (번동)",127.0311309,37.6361629
"밀라노음악학원","서울특별시 강북구 인수봉로 293   1층 (수유동)",127.0105246,37.6448959
"위너스학원","서울특별시 성북구 정릉로52길 22   외 3필지 4층 (돈암동)",127.0292012,37.6035036
"자산학원","서울특별시 성북구 화랑로5길 42   외 4필지 3층 (하월곡동)",127.0394652,37.6043904
"스피드2관학원","서울특별시 성북구 오패산로 36   3층 (하월곡동)",127.0372387,37.605349
"아이아동미술학원","서울특별시 성북구 솔샘로 35   2층 (정릉동)",127.0049888,37.6106724
"스탭스포학원","서울특별시 성북구 아리랑로5길 24 , 4층 (동소문동7가)",127.014953,37.5963791
"수유연세음악학원","서울특별시 강북구 삼양로74가길 21   1-2층 (수유동)",127.0193388,37.630626
"청운독서실","서울특별시 성북구 북악산로 845   쌍용2차아파트상가 203동 101호 1-2층 (정릉동, 정릉쌍용아파트)",127.0163537,37.5996426
"황인학원","서울특별시 강북구 한천로 1063-1   2-3층 (수유동)",127.0243668,37.6414503
"황인독서실","서울특별시 강북구 한천로 1063-1   2-5층 (수유동)",127.0243668,37.6414503
"디딤돌신서울보습학원","서울특별시 성북구 한천로 509  코오롱아파트 상가3층 (석관동)",127.066407,37.60656
"예일S학원","서울특별시 성북구 장월로 175-1   5층 (장위동)",127.0535244,37.6196729
"길나무학원","서울특별시 성북구 종암로24가길 53 , 3층 307호, 308호 (종암동, 종암에스케이아파트주상가동)",127.0371572,37.6011427
"A+한가람학원","서울특별시 성북구 월계로40길 7   센트럴근린상가 403호 405호 (장위동)",127.048397,37.6228267
"윤선생우리집앞영어선명학원","서울특별시 성북구 화랑로 207   3층 (장위동)",127.050245,37.6179004
"상승학원","서울특별시 성북구 정릉로36길 3   3층 (정릉동)",127.0185651,37.6021758
"위브독서실","서울특별시 성북구 오패산로10길 30   영광프라자 401호 (하월곡동)",127.0384436,37.6050939
"에이스보습학원","서울특별시 강북구 한천로 994   2층 (번동)",127.0465744,37.6274325
"진성영어전문학원","서울특별시 강북구 도봉로98길 28   3층 (번동)",127.031135,37.6410826
"플레이스무용학원","서울특별시 성북구 동소문로22길 64   2층 (동선동2가)",127.0185037,37.5902132
"김인규보습학원","서울특별시 성북구 오패산로4길 32   은혜빌딩 3층 (하월곡동)",127.0394224,37.6041071
"제이에이앤비보습학원","서울특별시 성북구 화랑로25길 28   2층 (장위동)",127.0518963,37.6097935
"유씨[UC]어학원","서울특별시 성북구 오패산로10길 30 , 402호 일부 (하월곡동, 영광프라자)",127.0384436,37.6050939
"일등교육학원","서울특별시 강북구 삼양로 432  벉지 외 1필지 2층 (수유동)",127.0168174,37.6419382
"에코빌우등학원","서울특별시 성북구 장월로1길 28  동아에코빌아파트 상가 306호 (상월곡동)",127.0453013,37.607923
"이상숙어학원","서울특별시 성북구 오패산로 98 , 402호,501호,502호,503호 (하월곡동,로만플라자)",127.0356402,37.6108223
"성북메가스터디학원","서울특별시 성북구 아리랑로 17   민국빌딩 1-5층 (동소문동6가)",127.0158257,37.5943446
"성북이튼학원","서울특별시 성북구 장월로1길 28 , 204, 205호 (상월곡동, 동아에코빌아파트)",127.0453013,37.607923
"메이플브릿지어학원","서울특별시 성북구 숭인로2길 64  근생빌딩 4-5층 (길음동)",127.0236451,37.6086153
"하이스트미래탐구학원","서울특별시 성북구 정릉로 364   3-5층 (돈암동)",127.0235528,37.6015589
"동아현음악학원","서울특별시 성북구 장월로1길 28  동아에코빌아파트 상가 202 203호 2층 (상월곡동)",127.0452951,37.6079198
"세진에듀학원","서울특별시 강북구 노해로 102 , 2.3층 (수유동)",127.0235169,37.6443112
"ES보습학원","서울특별시 성북구 화랑로48길 16  두산아파트 주상가 309호 3층 (석관동)",127.0687734,37.6126112
"수재학원","서울특별시 강북구 솔샘로 224   2-3층 (미아동)",127.0175446,37.6198357
"하버드독서실","서울특별시 성북구 정릉로48길 35   서라벌상가 3층 (돈암동)",127.0277108,37.6025534
"금정학원","서울특별시 성북구 아리랑로 25 , 2층 (동소문동6가)",127.0132881,37.5921078
"플라즈마유레카학원","서울특별시 성북구 아리랑로 36 , 4층 전체 (동선동5가, 백산빌딩)",127.0154194,37.5970151
"매일학원","서울특별시 성북구 화랑로 305 , 4층 (장위동)",127.0618367,37.613806
"아이리슨보습학원","서울특별시 성북구 동소문로13길 33   1-2층 (동소문동4가)",127.011868,37.5930618
"수정음악학원","서울특별시 강북구 삼각산로34길 62   2층 (수유동)",127.0217064,37.6390189
"웃는아해미술학원","서울특별시 강북구 오현로 34   3층 (미아동)",127.0339046,37.6163756
"이레음악학원","서울특별시 성북구 오패산로 69   6층 (하월곡동)",127.0360087,37.6081637
"일신SKY학원","서울특별시 강북구 인수봉로 136   2-4층 (수유동)",127.0138206,37.6318856
"전진학원","서울특별시 성북구 보문로 183  논현빌딩 4층 (삼선동4가)",127.0147703,37.5901379
"삼각산샘독서실","서울특별시 강북구 삼양로19길 102   삼각산아이원플러스상가 4층 (미아동)",127.0269077,37.6268335
"번동뉴스터디학원","서울특별시 강북구오현로32길 4-3   4층일부 (번동)",127.03985,37.6283655
"이지피아노학원","서울특별시 강북구 삼양로19길 157 , 부상가 3층(301호) (미아동,에스케이북한산시티아파트)",127.012633,37.6173087
"강북알프레드음악학원","서울특별시 강북구 솔샘로 184   SK북한산시티A상가동1 215호 (미아동)",127.012633,37.6173087
"예솔음악학원","서울특별시 강북구 오패산로30길 10   2층 (미아동)",127.0348577,37.6147553
"청담성북어학원","서울특별시 성북구 동소문로 48 , 4층 (동소문동3가,동도빌딩)",127.0109965,37.5902974
"큰사람보습논술학원","서울특별시 성북구 아리랑로5길 12-3   2층 (동소문동7가)",127.0148847,37.5964083
"돈암연세음악학원","서울특별시 성북구 북악산로 844  돈암이수브라운스톤아파트 상가 501-3 5층 (돈암동)",127.0175498,37.5979283
"민숙경음악학원","서울특별시 성북구 장월로3길 1   3층 (상월곡동)",127.0470055,37.6078584
"애플플러스수학전문학원","서울특별시 강북구 삼양로 191   3층 (미아동)",127.0290393,37.6315505
"스타트보습학원","서울특별시 성북구 숭인로2길 64   3층 (길음동)",127.0236451,37.6086153
"길음티앤티스터디학원","서울특별시 성북구 삼양로 35   5층 (길음동)",127.0237435,37.6062013
"최강보습학원","서울특별시 성북구 북악산로 868   3-4층 (돈암동)",127.0203562,37.5984181
"어린이철학논술학원","서울특별시 성북구 아리랑로 28 , 제일빌딩 3층 (동선동5가)",127.0164988,37.5945647
"이보영의토킹클럽보습학원","서울특별시 성북구 숭인로2길 64   2층 (길음동)",127.0236451,37.6086153
"성북미래인학원","서울특별시 성북구 아리랑로 36 , 2층 전체 (동선동5가, 백산빌딩)",127.0154194,37.5970151
"대성독서실","서울특별시 성북구 장월로1길 57   4층 (상월곡동)",127.0451954,37.605929
"열린생각학원","서울특별시 성북구 종암로9길 3   아주빌딩 3층 일부 (종암동)",127.0352687,37.5955045
"힐탑수학학원","서울특별시 성북구 북악산로 850   2층 (정릉동)",127.0183767,37.598935
"청담클루빌고등학원","서울특별시 강북구 한천로124길 27   2층 (번동)",127.0328917,37.637729
"현대음악학원","서울특별시 성북구 정릉로36길 68   2층 (정릉동)",127.0148545,37.6023882
"윤선생영어숲석계보습학원","서울특별시 성북구 화랑로48길 16 , 202호,307호 (석관동, 두산아파트 주상가동)",127.0684313,37.612891
"탑클래스학원","서울특별시 성북구 솔샘로25길 20   풍림아이원@주상가 304 305호 3층 (정릉동)",127.007307,37.6186219
"잉글리쉬무무정릉제일보습학원","서울특별시 성북구 정릉로 274   2층 4층 (정릉동)",127.0137709,37.6031486
"성북종로학원","서울특별시 성북구 개운사길 35   1-5층 (안암동5가)",127.0289952,37.5879897
"참조은학원","서울특별시 강북구 삼양로27길 46 , 2층 (미아동 698-29)",127.0269077,37.6268335
"리틀피카소미술학원","서울특별시 성북구 장위로 132   2층 일부 (장위동)",127.0514481,37.6135175
"하버드보습학원","서울특별시 성북구 장위로 132   3층 일부 (장위동)",127.0514481,37.6135175
"서울연세음악학원","서울특별시 성북구 장위로 132   2층 일부 (장위동)",127.0514481,37.6135175
"강북뉴스터디학원","서울특별시 강북구 삼양로 161 , 5층 (미아동,신한은행삼양동지점)",127.0178887,37.6254501
"뉴타운길원학원","서울특별시 성북구 길음로15가길 3   4층 (정릉동)",127.0151045,37.6104013
"돈암이보영의토킹클럽보습학원","서울특별시 성북구 아리랑로 31-1   3층 (동소문동7가)",127.0148012,37.5963814
"제일지성보습학원","서울특별시 강북구 솔샘로 213-2   2-3층 (미아동)",127.0164719,37.6201772
"강북해법보습학원","서울특별시 성북구 월계로40길 7   센트럴근린상가 412 413호 (장위동)",127.048397,37.6228267
"능률주니어랩돈암학원","서울특별시 성북구 북악산로 844  브라운스톤돈암아파트 상가 403호4층 (돈암동)",127.0175498,37.5979283
"강북미래학원","서울특별시 성북구 오패산로 69   3층 (하월곡동)",127.0360087,37.6081637
"현음악학원","서울특별시 성북구 솔샘로25길 20   외 2필지 정릉풍림아이원 상가1동 205호 206호 215호 (정릉동)",127.0071747,37.6189872
"잉글리쉬무무종암제일보습학원","서울특별시 성북구 종암로9길 3   아주빌딩 5층 (종암동)",127.0352687,37.5955045
"앤트스터디학원","서울특별시 강북구 솔샘로 212   3층 (미아동)",127.0162181,37.6199246
"예명음악학원","서울특별시 성북구 동소문로13길 4   봉현빌딩 2층 (동소문동6가)",127.0130521,37.5921491
"세영교육보습학원","서울특별시 성북구 동소문로18길 24-22 (동소문동5가)",127.0158757,37.5915827
"서일영어학원","서울특별시 성북구 동소문로11길 44   1-2층 (동소문동4가)",127.0116435,37.5932582
"올림피아드사관학원","서울특별시 강북구 인수봉로76길 37   2-3층 (수유동)",127.0126828,37.6442391
"조샘수학학원","서울특별시 성북구 아리랑로 9   산맥프라자 501호 (동소문동6가)",127.0144101,37.5933169
"사고력수학시매쓰학원","서울특별시 성북구 동소문로 58 , 3층전체 (동소문동3가,경일빌딩)",127.0135727,37.5917408
"연세최강학원","서울특별시 강북구 삼양로112길 21   2층 (수유동)",127.0177435,37.642682
"에이엘학원","서울특별시 성북구 아리랑로 51-2 , 2층, 3층 (동소문동7가)",127.0142669,37.5961103
"이보영의토킹클럽성북종암학원","서울특별시 성북구 종암로9길 86 , 304호 (종암동, 종암2차 아이파크 상가)",127.0317967,37.5972265
"E.룸학원","서울특별시 강북구 삼양로117길 5 , 2층 (수유동)",127.0157037,37.6433804
"림(林)학원","서울특별시 성북구 종암로27길 13   도원프라자 501호5층 (종암동)",127.0314248,37.6025992
"지캠프성북석계학원","서울특별시 성북구 한천로 571   3층 (석관동)",127.062667,37.6105544
"예손필음악학원","서울특별시 성북구 보문로13마길 4   2층 (보문동6가)",127.0206086,37.5795002
"매리맥딜런미술학원","서울특별시 성북구 북악산로 844  브라운스톤돈암아파트 상가 402호4층 (돈암동)",127.0175498,37.5979283
"강남펜타스학원","서울특별시 성북구 동소문로 57 , 2층 전체 (동소문동4가)",127.0101661,37.5893885
"올패스독서실","서울특별시 성북구 숭인로2길 61   길음동동부센트레빌@중심상가 401호 402호 (길음동)",127.0244082,37.6103636
"윤선생영어숲종암학원","서울특별시 성북구 종암로27길 37 , 201호~204호 (종암동, 삼성 래미안아파트)",127.0303523,37.600976
"일류보습학원","서울특별시 강북구 삼양로80길 50 , 2층 (수유동)",127.0205922,37.6312861
"강남올림피아드황진수학학원","서울특별시 강북구 솔샘로 209   2-3층 (미아동)",127.0158881,37.6202138
"스텝(Step)영어학원","서울특별시 성북구 종암로19길 50 , 4층전체 (종암동)",127.0316952,37.5980737
"토토빌미술학원","서울특별시 성북구 종암로19길 50   3층 (종암동)",127.0316952,37.5980737
"수앤수보습학원","서울특별시 성북구 성북로2길 48 , 3-4층 (동소문동1가,김희정치과의원)",127.0083642,37.5897599
"쾰른음악학원","서울특별시 강북구 한천로124길 27   1층 (번동)",127.0328917,37.637729
"잉글리쉬무무번동제1학원","서울특별시 강북구 한천로109가길 4   3층 (번동)",127.0420875,37.6278341
"제이엔케이임팩트영어수학학원","서울특별시 성북구 월계로 52 , 5층 501-1호 (하월곡동, 에스엠메디칼)",127.0355496,37.6114424
"티큐에스생명과학원","서울특별시 강북구 삼양로 445   4-5층 (수유동)",127.0160392,37.6431174
"교일보습학원","서울특별시 강북구 삼각산로 130   401호 402호 4층 (수유동)",127.0186397,37.6407901
"닥터정이클래스학원","서울특별시 강북구 삼양로19길 206 , 5층 (미아동,선경빌딩)",127.0154644,37.6193901
"뉴욕잉글리쉬(NewYorkEnglish)학원","서울특별시 강북구 오현로 190   외 3필지 502호 (번동)",127.039396,37.6284375
"서강SLP성북어학원","서울특별시 성북구 동소문로 43 , 301호 (동소문동4가,흥화브라운 동소문빌딩)",127.0101324,37.590588
"에스엘에스수능학원","서울특별시 성북구 성북로2길 32 , 2,4층 (동소문동1가,청운빌딩)",127.0076494,37.5894421
"프라임수보습학원","서울특별시 성북구 동소문로13가길 66  현대아트빌 102호 (동소문동4가)",127.0096282,37.590758
"라래음악학원","서울특별시 강북구 삼양로116길 43   2층 (수유동)",127.0185129,37.6439706
"미래탐구성북학원","서울특별시 성북구 정릉로 376 , 4~5층 (돈암동, BR빌딩)",127.0252417,37.6020035
"하늘교육성북돈암학원","서울특별시 성북구 동소문로 190   외 2필지 (돈암동)",127.023636,37.6005277
"스트링앙상블음악학원","서울특별시 강북구 솔샘로 184 , 상가동1, 214호 (미아동,에스케이 북한산시티아파트 상가동1)",127.0128244,37.6199188
"월곡해법수학학원","서울특별시 성북구 오패산로10길 46   오성빌딩 5층 (하월곡동)",127.0391147,37.6047489
"생각하는걸리버미술학원","서울특별시 성북구 길음로 10   3층 (길음동)",127.0238663,37.6043435
"삼성보습학원","서울특별시 성북구 삼양로13길 45 , 4층 401,402호 (길음동,길음뉴타운 상가동)",127.0196517,37.6106816
"청담클루빌학원","서울특별시 강북구 한천로124길 13   1필지 2층 (번동)",127.0322881,37.6372654
"선한목자보습학원","서울특별시 강북구 삼각산로 144   2-3층 (수유동)",127.0202182,37.6409609
"쎈학원","서울특별시 강북구 오패산로 411   3층 (번동)",127.0264262,37.6372361
"올패스O2독서실","서울특별시 강북구 오패산로 130   4층 (미아동)",127.0277876,37.6317105
"황수석학원","서울특별시 강북구 도봉로28길 5   진영빌딩 4층 (미아동)",127.0249628,37.641582
"티칭플러스학원","서울특별시 강북구 삼양로 254   미아1차래미안아파트 상가 401호 (미아동)",127.0211029,37.6135298
"에이플러스(A+)보습학원","서울특별시 성북구 동소문로13길 12  세화빌딩 2층 (동소문동6가)",127.0128821,37.5924212
"챌린저영어학원","서울특별시 성북구 성북로4길 52   한진아파트 418동 서관 2209호 2210호 2층 (돈암동)",127.0109401,37.5942553
"김소영미술학원","서울특별시 강북구 도봉로10다길 10   외 1필지 2층 (미아동)",127.0269077,37.6268335
"성북폴리어학원","서울특별시 성북구 동소문로 63  드림트리빌딩 3층 (동소문동4가)",127.0120766,37.5917268
"오름독서실","서울특별시 성북구 종암로27길 18 , 3층 일부 (종암동)",127.0316005,37.6028475
"세종사관학원","서울특별시 성북구 종암로24가길 53   SK아파트 상가동 301호 (종암동)",127.0371572,37.6011427
"뉴마루독서실","서울특별시 강북구 삼양로 292 (수유동, 광은빌딩)",127.029768,37.6377492
"피아노스토리음악학원","서울특별시 강북구 한천로124길 13   1층 (번동)",127.0322881,37.6372654
"한국U.P.I학원","서울특별시 강북구 삼양로 424 , 2층 (수유동,정암빌딩)",127.0171185,37.6413568
"플레이히어로연기학원","서울특별시 성북구 동소문로 13   3층 (동소문동1가)",127.0060809,37.5894632
"명성학원","서울특별시 성북구 보국문로 86 , 2층 (정릉동)",127.0085627,37.6118324
"최강찬단과전문학원","서울특별시 성북구 종암로27길 18   2층 (종암동)",127.0316005,37.6028475
"강북세일학원","서울특별시 성북구 정릉로48길 13 , 1~5층, 6층일부 (돈암동,한국어린이교육선교회)",127.0267971,37.6033923
"삼성영어학원","서울특별시 강북구 덕릉로51가길 38   2층 (번동)",127.0334197,37.6379045
"행복한12월학원","서울특별시 성북구 아리랑로 25 , 4층 (동소문동6가)",127.0127872,37.5924884
"파워리딩영어독서전문학원","서울특별시 성북구 길음로 20 , 4층 407,408호 (길음동,길음뉴타운)",127.0231051,37.6047336
"지혜샘보습학원","서울특별시 강북구 삼양로93길 10 , 2층 (수유동,금호빌딩)",127.0166402,37.6375874
"최종호어학원","서울특별시 성북구 삼양로 49   외 1필지 2-3층 (길음동)",127.0232541,37.6075146
"자운독서실","서울특별시 강북구 노해로 95   2층 (수유동)",127.0226669,37.6439771
"아이잼성북어학원","서울특별시 성북구 정릉로 250   외 5필지 4층 (정릉동)",127.0113568,37.6042304
"DCTENGLISH학원","서울특별시 성북구 동소문로 75   외 3필지 201호 (동소문동6가)",127.0144101,37.5933169
"잉글리쉬무무길음제일학원","서울특별시 성북구 삼양로 80   3층 (길음동)",127.022672,37.610448
"YBM잉글루번동제1학원","서울특별시 강북구 한천로124길 9   3층 (번동)",127.03223,37.6371126
"하이클래스학원","서울특별시 강북구 한천로 1122 , 나동 2층 4층 (수유동, 영우빌딩)",127.0199495,37.6451106
"바론학원","서울특별시 성북구 삼양로 68   301호 일부 (길음동)",127.0231893,37.6091765
"일대일맞춤수학전문학원","서울특별시 강북구 한천로124길 9   2층 (번동)",127.03223,37.6371126
"영재제일보습학원","서울특별시 성북구 동소문로 167   3층 일부 (동선동4가)",127.0170041,37.5932534
"강북송중학원","서울특별시 강북구 도봉로 88   3층 일부 (미아동)",127.0269077,37.6268335
"씨앤씨성북미술학원","서울특별시 성북구 동소문로 34-7   2-3층 (동소문동3가)",127.0101614,37.5893137
"셀라음악학원","서울특별시 성북구 보문로29다길 7   대우푸르지오 상가 304호 305호 3층 일부 (삼선동3가)",127.0129315,37.583679
"캠퍼스보습학원","서울특별시 성북구 장월로 123   외1필지 2층 (장위동)",127.0489926,37.6166171
"종암와이(WHY)수학전문학원","서울특별시 성북구 종암로21길 128   외 1필지 5층 (종암동)",127.0304633,37.6034707
"헤럴드스쿨에치피이(herald school hpe)어학원","서울특별시 성북구 종암로 120 , 2층 일부 (종암동)",127.0344041,37.6008657
"아트앤제이미술학원","서울특별시 강북구 한천로109길 72   세조빌딩 4층 일부 (번동)",127.0403365,37.6273585
"상월곡잉글리쉬무무학원","서울특별시 성북구 장월로3길 1   103호-105호 (상월곡동)",127.0470055,37.6078584
"송중숙명음악학원","서울특별시 강북구 오패산로30길 21   2층 (미아동)",127.0269077,37.6268335
"박소정무용나라학원","서울특별시 성북구 삼양로 80   상신빌딩 2층 (길음동)",127.0226584,37.6104747
"잉글리쉬스트릿어학원","서울특별시 성북구 종암로27길 13   도원프라자 4층 7층 (종암동)",127.0314248,37.6025992
"하나요리학원","서울특별시 강북구 도봉로 168   6층 (미아동)",127.0274725,37.6238059
"평강학원","서울특별시 강북구 한천로 996   4층 (번동)",127.0469059,37.6267513
"최강한슬학원","서울특별시 강북구 오패산로30길 25   2층 (미아동)",127.034896,37.6151286
"피아노친구들음악학원","서울특별시 성북구 삼양로 80   상신빌딩 4층 (길음동)",127.0226584,37.6104747
"여미애논술영어전문학원","서울특별시 성북구 보문로13다길 5   2층 (보문동6가)",127.0203658,37.579973
"모차르트음악학원","서울특별시 성북구 월곡로14길 26  삼성래미안아파트 상가동 409호 410호 411호 (하월곡동)",127.0418506,37.5989462
"solomath수학전문학원","서울특별시 성북구 성북로2길 35   오륜빌딩 2층 (동소문동1가)",126.9271425,37.5202062
"고대학사학원","서울특별시 성북구 보국문로 21  외 1필지 4층 (정릉동)",127.0106805,37.6064647
"신화를창조하는아름미술학원","서울특별시 성북구 보문로38길 43   2층 (동소문동5가)",127.0161726,37.5909623
"키즈펀음악학원","서울특별시 강북구 한천로109길 57-22   2층 (번동)",127.0413009,37.6271573
"캣치영어학원","서울특별시 강북구 한천로 1122   영우빌딩 3층 (수유동)",127.0199495,37.6451106
"플립러닝학원","서울특별시 강북구 삼양로 231   3-4층 (미아동)",127.0224784,37.6275741
"올리버수학전문학원","서울특별시 성북구 오패산로 98   401호 (하월곡동)",127.0356402,37.6108223
"Why수학전문학원","서울특별시 성북구 안암로1길 22   2층 (보문동7가)",127.0232563,37.5796195
"프뉴마발레학원","서울특별시 성북구 종암로21길 25   3층 (종암동)",127.0335709,37.5997101
"성진학원","서울특별시 강북구 덕릉로 37   3층 (수유동)",127.0178145,37.6343625
"윤선생영어학원","서울특별시 강북구 삼양로 454   3층 (수유동)",127.0162381,37.643848
"에스에스학원","서울특별시 성북구 한천로 509  코오롱아파트 상가 201호-203호 (석관동)",127.0656478,37.6062279
"탑올투원학원","서울특별시 성북구 동소문로20가길 12 , 6층 일부 (동선동1가)",127.017161,37.5922645
"아발론랭콘성북어학원","서울특별시 성북구 동소문로 203   4-6층 (돈암동)",127.0109401,37.5942553
"에듀플렉스돈암학원","서울특별시 성북구 아리랑로 15  원효빌딩 3층 (동소문동6가)",127.0134454,37.5922073
"프레임학원","서울특별시 성북구 성북로 62   2층 (성북동)",127.0021523,37.5930675
"영음악학원","서울특별시 성북구 오패산로 98   로만프라자 403호 (하월곡동)",127.0356402,37.6108223
"SKA플러스보습학원","서울특별시 성북구 종암로22길 31 , 1층 (종암동,연자빌딩)",127.035785,37.6001382
"최강독서실","서울특별시 성북구 월계로40길 7   센트럴근린상가 501호-503호 (장위동)",127.048397,37.6228267
"유포니뮤직아카데미학원","서울특별시 성북구 월계로40길 7   센트럴근린상가 510호 510-1호 511호 (장위동)",127.048397,37.6228267
"수와식학원","서울특별시 강북구 도봉로 201   2층 (미아동)",127.0286479,37.6324645
"정음음악학원","서울특별시 성북구 월계로40길 7 ,  401,406호 (장위동,센트럴타운근린생활시설)",127.048397,37.6228267
"에쓰엔피어학원","서울특별시 성북구 오패산로10길 30 , 304-1호,305호 (하월곡동,영광프라자)",127.0384436,37.6050939
"에파타학원","서울특별시 강북구 도봉로 177 , 3층 (미아동,성북체육관)",127.0290393,37.6315505
"강북우리학원","서울특별시 성북구 동소문로 190   중앙빌딩 401호 (돈암동)",127.023636,37.6005277
"잉글리쉬무무미아제2학원","서울특별시 강북구 삼양로 254 (미아동, 래미안미아1차아파트상가)",127.0240532,37.6306885
"아이탑독서실","서울특별시 성북구 보국문로16길 14 (정릉동)",127.0096407,37.610571
"잉글리쉬무무월곡제1학원","서울특별시 성북구 오패산로 51   3층 (하월곡동)",127.0364962,37.6067233
"옳은학원","서울특별시 성북구 월계로40길 7 , 411호,504호,505호 (장위동,센트럴타운근린생활시설)",127.048397,37.6228267
"피엔피영수보습학원","서울특별시 성북구 동소문로 189   2층3층 (돈암동)",127.0215083,37.5988151
"ESL영어스터디학원","서울특별시 성북구 오패산로3길 17 , 202호,203호,204호 (하월곡동, 동신아파트상가동)",127.0353254,37.6044161
"성북영재학원","서울특별시 강북구 도봉로33길 38 , 2층 (미아동,성북피아노학원)",127.0269077,37.6268335
"미술로생각하기학원","서울특별시 성북구 아리랑로 31-1   2층 (동소문동7가)",127.0148847,37.5964083
"킨더포르쉔학원","서울특별시 성북구 성북로2길 55   우리빌딩 3층 (동소문동1가)",127.0085759,37.5901041
"예원보습학원","서울특별시 성북구 화랑로38길 21   3층 (석관동)",127.059742,37.6110502
"뷰티앤리더미용학원","서울특별시 강북구 도봉로 41-1   2층일부 4층일부 (미아동)",127.0269077,37.6268335
"뮤즈아덴음악학원","서울특별시 성북구 동소문로 167   2층 (동선동4가)",127.0169844,37.5931208
"잉글리쉬무무번동제2학원","서울특별시 강북구 한천로 981   3층 일부 (번동)",127.037216,37.6279206
"새서울ESL어학원","서울특별시 강북구 삼양로19길 164   2층 일부 (미아동)",127.0157492,37.6173393
"으뜸정보처리인터넷학원","서울특별시 성북구 동소문로 125   골든타워 13층 (동선동4가)",127.018076,37.5939211
"윤선생영어숲성북중앙보습학원","서울특별시 성북구 보문로30길 36   3층 (안암동1가)",127.0193868,37.5890095
"큰글학원","서울특별시 성북구 종암로22길 15 , 2층,3층 (종암동)",127.0351831,37.5999143
"벽산음악학원","서울특별시 강북구 솔샘로 167 , 104호,105호 일부,106호 (미아동,벽산라이브파크)",127.0122204,37.6211009
"에스엔에이치(S&H)학원","서울특별시 성북구 동소문로34길 24   돈암삼성아파트 B상가 4층 401호 (돈암동)",127.0233899,37.599028
"인수학원","서울특별시 강북구 인수봉로 280-1   1-2층 (수유동)",127.0110546,37.6438011
"SJ댄스학원","서울특별시 성북구 화랑로 309   3층 (장위동)",127.0489427,37.6234718
"초이스앤유(NU)학원","서울특별시 강북구 솔샘로 184 , 상가동 104,105호 (미아동,에스케이 북한산시티아파트)",127.012633,37.6173087
"윤선생영어숲정릉학원","서울특별시 성북구 정릉로36길 80   송현빌딩 4층 (정릉동)",127.014181,37.6025357
"명성간호조무사학원","서울특별시 성북구 동소문로 225   3층 4층 (길음동)",127.0219853,37.6021718
"정우종수학전문학원","서울특별시 성북구 오패산로4길 32 (하월곡동,은혜타워)",127.0356016,37.6084474
"올림포스영수전문학원","서울특별시 성북구 삼양로13길 45   뉴타운상가동 3층 306호 307호 308호 (길음동)",127.0196517,37.6106816
"남주희음악학원","서울특별시 강북구 덕릉로41길 15  수유역두산위브아파트 206동201호-204호 (번동)",127.043364,37.6257387
"1st강북보습학원","서울특별시 강북구 한천로 981   2층 (번동)",127.0465744,37.6274325
"아이비실용음악학원","서울특별시 성북구 동소문로20가길 51   4층 (동선동1가)",127.0173191,37.5916282
"윤선생영어숲정릉북부보습학원","서울특별시 성북구 서경로 75 (정릉동)",127.0148233,37.6099088
"눈높이러닝센터월곡학원","서울특별시 성북구 오패산로 46   두산위브아파트 상가동 206호 207호 208호 (하월곡동)",127.0380419,37.6067317
"M뮤직아카데미학원","서울특별시 성북구 동소문로 7-3   2-3층 (동소문동1가)",127.0075191,37.5893626
"크로스실용음악학원","서울특별시 성북구 동소문로 124 (동선동1가)",127.0190033,37.5935566
"태희음악학원","서울특별시 성북구 북악산로 851   E편한세상 상가 304호 306호 (정릉동)",127.0193858,37.599785
"멜리사영어전문학원","서울특별시 성북구 정릉로 251   3층 (정릉동)",127.0119116,37.6046666
"에듀모아수학학원","서울특별시 성북구 아리랑로5길 45   201호 202호 (돈암동)",127.0126983,37.5968973
"리안학원","서울특별시 성북구 종암로 132 , 2층 211-1호, 211-2호, 212-1호 (종암동, 종암우림카이저팰리스)",127.0334909,37.6019481
"RM실용음악학원","서울특별시 강북구 도봉로 90   3층 (미아동)",127.0290393,37.6315505
"소피스트학원","서울특별시 성북구 동소문로 48  동도빌딩 5층 일부 (동소문동3가)",127.0109965,37.5902974
"성북CNC미술학원","서울특별시 성북구 동소문로 36  소석빌딩 4-5층 (동소문동3가)",127.01008,37.5899022
"CM뮤직보컬아카데미학원","서울특별시 성북구 삼선교로10길 47   2층 (삼선동2가)",127.010012,37.585975
"퀸실용음악학원","서울특별시 강북구 도봉로 170   5층 (미아동)",127.0276615,37.6310418
"PnJ학원","서울특별시 강북구 노해로23길 73 , 3층 (수유동)",127.0195505,37.6459822
"21C독서실","서울특별시 강북구 도봉로 164 (미아동, 명해빌딩)",127.0276297,37.6233899
"고려아카데미학원","서울특별시 강북구 오현로 156  해모로아파트 상가동 301호 302호 3층 (번동)",127.0373569,37.6263134
"수리수리수학과학학원","서울특별시 성북구 솔샘로25길 20   외 2필지 정릉풍림아이원 상가1동 209호 (정릉동)",127.0071747,37.6189872
"샘앤클로이영어학원","서울특별시 성북구 성북로4길 52  417동 1903호(돈암동한진아파트)",127.0109401,37.5942553
"뮤즈음악학원","서울특별시 성북구 종암로23길 17   원진프라자 302호 (종암동)",127.0329978,37.5995396
"성북정상어학원","서울특별시 성북구 길음로 20 , 2층 203호,204호,206호,207호 (길음동,길음뉴타운)",127.0231051,37.6047336
"빈스음악학원","서울특별시 강북구 오패산로30길 31   2층 (미아동)",127.0269077,37.6268335
"윤선생영어숲장위학원","서울특별시 성북구 한천로101길 36   205호-207호 (장위동)",127.0488203,37.6225004
"개념원리수학학원","서울특별시 강북구 한천로109길 72   4층 (번동)",127.0403365,37.6273585
"윤선생영어숲장위장곡학원","서울특별시 성북구 장위로 122   2층 (장위동)",127.050139,37.6132249
"원더랜드패미리[wonderland Family]어학원","서울특별시 성북구 동소문로3길 124   2-3층 (동소문동4가)",127.0111407,37.5918051
"미술재미성북학원","서울특별시 성북구 종암로 115   동우빌딩 5층 (종암동)",127.0335465,37.600365
"포널스간호학원","서울특별시 강북구 도봉로 177 , 3층일부 (미아동)",127.0269077,37.6268335
"필드럼뮤직학원","서울특별시 강북구 삼양로 183 , 지하1층 (미아동)",127.0269077,37.6268335
"윤선생영어숲번동학원","서울특별시 강북구 한천로109길 27   2층 (번동)",127.0425036,37.6281627
"청담강북어학원","서울특별시 강북구 삼양로27길 35-21 , 5층 501,502,504,505호 (미아동,미아프라자)",127.0188808,37.6179181
"와룡독서실","서울특별시 성북구 종암로21길 37-6   3층 (종암동)",127.0331481,37.6002653
"청담에이프릴어학원","서울특별시 강북구 삼양로27길 35-21 , 1층(101호),2층(203호),4층(401,402호) (미아동,미아프라자)",127.0188808,37.6179181
"숙명음악학원","서울특별시 강북구 삼양로27길 35-21   미아프라자4층 405호 (미아동)",127.0188996,37.6179214
"개념원리수학종암학원","서울특별시 성북구 종암로19길 16   4층 401호 (종암동)",127.0338313,37.5983994
"예인무용학원","서울특별시 성북구 삼양로 34   서울빌딩 2층 (길음동)",127.024178,37.6061966
"강북분석수학학원","서울특별시 강북구 삼양로27길 35-21   미아프라자 5층 503호 (미아동)",127.0188808,37.6179181
"프라임학원","서울특별시 성북구 성북로2길 35   4층 (동소문동1가)",127.0078711,37.5896795
"골든벨독서실","서울특별시 성북구 보국문로 91   2층 (정릉동)",127.0077547,37.6123806
"해우아동미술학원","서울특별시 성북구 정릉로8다길 4 , 1층 (정릉동)",126.9981966,37.6083002
"이엠스터디학원","서울특별시 강북구 인수봉로 144 , 2-3층 (수유동)",127.0137779,37.6324619
"삼선학원","서울특별시 성북구 성북로2길 35   오륜빌딩 3층 (동소문동1가)",126.9271425,37.5202062
"드로잉공간미술학원","서울특별시 강북구 삼양로 522   3층 (우이동)",127.0138534,37.6495496
"이튼앤뉴튼학원","서울특별시 성북구 월곡로14길 24   월곡래미안루나밸리 상가동 204호 205호 306호 (하월곡동)",127.0418506,37.5989462
"뉴뮤즈음악학원","서울특별시 강북구 오현로34길 12 , 3층 일부 (번동)",127.0400174,37.6285615
"이지댄스학원","서울특별시 강북구 도봉로13길 22   2층 (미아동)",127.0283004,37.6236496
"박미술학원","서울특별시 성북구 정릉로 326   5층 (정릉동)",127.0193099,37.6020315
"보문박실음악학원","서울특별시 성북구 지봉로24길 31   4층 (보문동5가)",127.0196248,37.5838134
"아이들의창작공간다름미술학원","서울특별시 강북구 솔샘로 184   SK북한산시티아파트 상가동1 109호1층 (미아동)",127.012633,37.6173087
"내일능력개발평생교육학원","서울특별시 성북구 동소문로44길 17 , 102동 203호,204호,205호일부 (하월곡동, 성북힐스테이트)",127.0300189,37.6064198
"좋은소리실용음악학원","서울특별시 성북구 보국문로 66 , 2층,3층 (정릉동)",127.0095384,37.610262
"허브독서실","서울특별시 강북구 인수봉로 59   2층 (미아동)",127.0121726,37.6251799
"임혜연영어전문학원","서울특별시 성북구 삼양로 47 , 2층 전체 (길음동, 정일빌딩)",127.0232973,37.6074195
"강북성북캠퍼스토피아어학원","서울특별시 성북구 삼양로 32 , 1층일부,2층,3층 (길음동,중영빌딩)",127.0243611,37.6060848
"해법영어인수보습학원","서울특별시 강북구 인수봉로77길 20   3층 (수유동)",127.0097297,37.6445117
"아이가답이다미술학원","서울특별시 성북구 아리랑로16길 20 , 1-2층 (돈암동)",127.0147895,37.6001909
"타임투잉글리쉬학원","서울특별시 성북구 북악산로 850   3층 (정릉동)",127.0183767,37.598935
"스마트러닝성북학원","서울특별시 성북구 동소문로47길 19   금성영빌딩 5층 (길음동)",127.0284525,37.6090019
"We수학전문학원","서울특별시 성북구 종암로28길 72-8   2층 (종암동)",127.0349331,37.6002447
"강북에듀탑학원","서울특별시 강북구 숭인로 69-1   1층 (미아동)",127.0293943,37.6125254
"뉴모짜르트음악학원","서울특별시 성북구 길음로13길 24 , 502호  (길음동,길음뉴타운프라자상가)",127.0186795,37.6095887
"마음미술학원","서울특별시 강북구 솔샘로 315   3층 (미아동)",127.0272959,37.617362
"이든보습학원","서울특별시 성북구 보국문로 18   2층 (정릉동)",127.0112792,37.6061534
"김샘학원","서울특별시 성북구 동소문로35길 42 , 5층,6층 (돈암동,무림빌딩)",127.0215932,37.6006332
"이정수수학학원","서울특별시 강북구 인수봉로 126   신풍빌딩 2층 (수유동)",127.0138735,37.6308859
"잉글리시무무석관제1학원","서울특별시 성북구 돌곶이로22길 53   3층 (석관동)",127.060803,37.610709
"위너스메릭스학원","서울특별시 성북구 서경로18길 6 , 2.3층 (정릉동)",127.0150511,37.6103279
"한세보습학원","서울특별시 강북구 도봉로 102 , 3층 (미아동,한세학원)",127.0269077,37.6268335
"에프터스쿨학원","서울특별시 성북구 동소문로 58   5층 (동소문동3가)",127.0101406,37.5894297
"국어세움학원","서울특별시 성북구 길음로 20 , 5층 513호 (길음동, 길음뉴타운 상가동)",127.0231051,37.6047336
"강북에스엘피어학원","서울특별시 강북구 솔샘로 330   2층 (미아동)",127.028587,37.6169483
"아이비학원","서울특별시 강북구 삼양로 254   래미안미아1차아파트 상가동 201호 2층 (미아동)",127.0269077,37.6268335
"와이비엠잉글루영어학원","서울특별시 성북구 월계로40길 7   센트럴근린상가4층 402호 (장위동)",127.048397,37.6228267
"눈높이러닝센터장위학원","서울특별시 성북구 장월로 111-1   2층 (장위동)",127.0482698,37.6158328
"큐맥스학원","서울특별시 성북구 보국문로 94 , 2층전체 (정릉동)",127.0080988,37.6125637
"프라임독서실","서울특별시 성북구 오패산로 98-8   4층 (하월곡동)",127.0357437,37.6110556
"눈높이러닝센터한신한진스카이학원","서울특별시 성북구 성북로4길 52  417동 1802호(돈암동한신한진아파트상가)",127.0109401,37.5942553
"고대보습학원","서울특별시 강북구 오패산로 168   2층 (미아동)",127.0286479,37.6324645
"예원필음악학원","서울특별시 성북구 종암로27길 25 (종암동)",127.0311993,37.6025181
"허브(Hub)수학보습학원","서울특별시 성북구 정릉로 378 , 2-4층 (돈암동,돈암동 클리닉센터)",127.023636,37.6005277
"최강플러스학원","서울특별시 성북구 동소문로13길 13 , 2층 (동소문동4가, 성환빌딩)",127.0101661,37.5893885
"경희예성피아노학원","서울특별시 강북구 삼양로 424 , 2층 (수유동, 정암빌딩)",127.0171185,37.6413568
"수유프라임학원","서울특별시 강북구 수유로 9 , 2층,3층 (수유동,동아빌딩)",127.0180758,37.6318977
"눈높이러닝센터삼양학원","서울특별시 강북구 솔샘로 249-1   3층 (미아동)",127.0204578,37.6197707
"다빈치미술학원","서울특별시 성북구 보국문로 72 , 2층 (정릉동,야긴빌딩)",127.0091911,37.6108249
"사람인학원","서울특별시 성북구 동소문로15길 1   4층 (동소문동6가)",127.0138809,37.5923263
"조이앤플레이음악학원","서울특별시 성북구 인촌로17가길 78   래미안안암상가 2층 202호 (안암동1가)",127.0236311,37.5893384
"씨엠에스(CMS)학원","서울특별시 성북구 동소문로 75   3필지 501호 5층 (동소문동6가)",127.0136786,37.5922931
"한솔브레인학원","서울특별시 성북구 도봉로 11 , 2층일부 (길음동)",127.0298456,37.6102252
"튼튼영어마스터클럽돈암학원","서울특별시 성북구 성북로4길 52   한진아파트 418동 서관 2101호 1층 (돈암동)",127.0109401,37.5942553
"마인플러스학원","서울특별시 강북구 삼양로74길 81   2층 (수유동)",127.0224088,37.6303794
"은하독서실","서울특별시 성북구 삼선교로24길 55   외 3필지 3층 (삼선동5가)",127.0170606,37.5880116
"조이음악학원","서울특별시 성북구 정릉로 378   1층 (돈암동)",127.0261274,37.603171
"퍼펙트학원","서울특별시 성북구 정릉로26길 21   4층 (정릉동)",127.0115512,37.6039995
"창조의아침미술학원","서울특별시 성북구 아리랑로 9 , 7층전체 (동소문동6가, 산맥프라자)",127.0144101,37.5933169
"탑픽학원","서울특별시 성북구 길음로 20 , 두산위브상가 220호, 221호, 222호 (길음동,길음뉴타운)",127.0230189,37.6047095
"에버뮤직스쿨실용음악학원","서울특별시 성북구 화랑로40길 43   2층 (석관동)",127.0640103,37.6135403
"강북세일독서실","서울특별시 성북구 정릉로48길 13   6층 (돈암동)",127.0267937,37.6032324
"조은음악학원","서울특별시 성북구 정릉로52길 5   외 2필지 성산빌딩 4층 일부 (종암동)",127.0302173,37.6037498
"개념원리수학잉글리쉬무무학원","서울특별시 강북구 삼각산로 138   2-3층 (수유동)",127.0195585,37.6408869
"GnB영어학원","서울특별시 강북구 삼양로19길 25  래미안트리베라104동 지층1-1 1-2 상가동2층 (미아동)",127.0203693,37.6173606
"아이테크컴퓨터학원","서울특별시 성북구 보문로 104   외 1필지 3층 (보문동1가)",127.0201074,37.5844031
"강일학원","서울특별시 강북구 도봉로15길 11   외 1필지 3층 (미아동)",127.0269077,37.6268335
"마일스톤학원","서울특별시 성북구 길음로 10   4층 (길음동)",127.0238663,37.6043435
"예종라인발레학원","서울특별시 성북구 오패산로 38   2층 (하월곡동)",127.0372281,37.605466
"듀이대치보습학원","서울특별시 성북구 종암로9길 86 , 204호,404호,405호 (종암동,종암2차 아이파크 상가)",127.0317967,37.5972265
"에이팩스[APEX]학원","서울특별시 강북구 도봉로 204   3층 (미아동)",127.0290393,37.6315505
"씨앤에이(C&A)논술학원","서울특별시 성북구 삼양로13길 45   길음뉴타운 E-편한세상 상가 202호 (길음동)",127.0196517,37.6106816
"빨간펜수학의달인서울성북직영학원","서울특별시 성북구 월계로40길 7   센트럴타운 203-1호 203-2호 (장위동)",127.048397,37.6228267
"올래실용음악학원","서울특별시 강북구 노해로 90 (수유동,원남빌딩)",127.0230741,37.6434984
"비전트리학원","서울특별시 강북구 삼양로27길 43 , 5층 503호 (미아동, 위브 테라스 파크)",127.0191069,37.6186723
"튼튼영어마스터클럽수유보습학원","서울특별시 강북구 한천로155길 43 , 2층 205호 일부 (수유동, 수유벽산아파트)",127.0189674,37.6425146
"그림그리고싶은날미술학원","서울특별시 성북구 길음로13길 24 (길음동)",127.019141,37.6086897
"알칸[보습]학원","서울특별시 성북구 길음로 14 , 2층~4층 (길음동)",127.0236584,37.6044806
"엠투플러스보습논술학원","서울특별시 성북구 종암로23길 17 , 2층 202호 (종암동)",127.0329978,37.5995396
"제이앤씨수학전문제2학원","서울특별시 성북구 동소문로20가길 51   5층 (동선동1가)",127.0187426,37.5936989
"윤선생영어맥앤맥스학원","서울특별시 성북구 월곡로 77   래미안라센트아파트 상가 201호 202호 203호 (종암동)",127.0387994,37.5996248
"이레힐학원","서울특별시 강북구 도봉로67길 29 , 2층일부, 3층일부 (미아동, 역산빌딩)",127.0227411,37.6302223
"연기로우주정복연기학원","서울특별시 성북구 동소문로 18-1   외 1필지 (동소문동2가)",127.0083383,37.5888036
"화일우등생보습학원","서울특별시 강북구 인수봉로72가길 25 (수유동)",127.0128374,37.643861
"하이킥학원","서울특별시 성북구 서경로6길 41 , 3,4층 (길음동,소망교회)",127.0176507,37.6065193
"서연보습학원","서울특별시 성북구 아리랑로 28-1 (동선동5가)",127.0161534,37.5952102
"엠뮤직실용음악학원","서울특별시 성북구 동소문로 6 , 5층 (동소문동2가)",127.0068183,37.588499
"윤선생우리집앞영어강선생학원","서울특별시 성북구 삼양로 88 (길음동)",127.0224064,37.6111847
"디자인핌미술학원","서울특별시 강북구 도봉로 381 , 2층 (수유동)",127.0285401,37.6410928
"GnB영어월곡학원","서울특별시 강북구 월계로 43-1 , 4층 (미아동,성림빌딩)",127.0269077,37.6268335
"달빛소리음악학원","서울특별시 성북구 월곡로14길 24 , 208,209,210호 (하월곡동,월곡래미안루나밸리)",127.0418506,37.5989462
"포멘토학원","서울특별시 성북구 삼양로 49 , 5층 (길음동)",127.0232541,37.6075146
"이재원수능영어학원","서울특별시 강북구 솔샘로 184 , 211호 (미아동, 에스케이 북한산시티아파트 상가동1)",127.012633,37.6173087
"투웨이학원","서울특별시 강북구 인수봉로 160 , 2층 (수유동)",127.0135886,37.6340957
"문앤썬잉글리시[Moon&Sun English]학원","서울특별시 성북구 동소문로3길 4 , 4층 (동소문동1가,정화빌딩)",127.006605,37.5890603
"리앤슨잉글리시[Lianson English]학원","서울특별시 성북구 솔샘로25길 20 , 308호,312호 (정릉동,정릉풍림아이원상가1)",127.0071747,37.6189872
"이상태비젼수학학원","서울특별시 성북구 오패산로 98 , 104 (하월곡동,로만플라자)",127.0360135,37.6122643
"YBM영어영재학습관잉글루종암제1학원","서울특별시 성북구 월곡로 77   래미안라센트아파트 상가 204호-207호 (종암동)",127.0387994,37.5996248
"스터디브릭스보습학원","서울특별시 성북구 동소문로13가길 66 , 2층 (동소문동4가)",127.0094426,37.5904907
"눈높이러닝센터길음학원","서울특별시 성북구 삼양로13길 45 , 403호, 405호 일부 (길음동, 길음뉴타운 상가동)",127.0196517,37.6106816
"나오연기학원","서울특별시 강북구 도봉로67길 18 , 3층 (수유동,수유시장)",127.023174,37.630768
"올리어학원","서울특별시 성북구 서경로11길 6 (정릉동)",127.0151832,37.6085549
"장위제일학원","서울특별시 성북구 화랑로19길 67 , 1층 일부 (장위동)",127.050646,37.609433
"CMP실용음악학원","서울특별시 성북구 동소문로 304 , 4층 (하월곡동,이재범치과의원)",127.0286547,37.6068663
"E.S학원","서울특별시 강북구 삼양로 446 , 2층 (수유동)",127.0164458,37.6431352
"수피아무용학원","서울특별시 강북구 삼양로 118 , 3층 (미아동,다니엘어린이집)",127.0135469,37.653747
"김성연음악학원","서울특별시 성북구 오패산로16가길 , 76  201호 일부 (하월곡동,꿈의숲 푸르지오)",127.0381449,37.611531
"부활실용음악학원","서울특별시 성북구 아리랑로 18 , 2층 (동선동5가,동선모텔)",127.0164128,37.5945631
"지대로학원","서울특별시 성북구 길음로9길 50  길음뉴타운래미안아파트 근린상가 126호 127호 (길음동)",127.0201982,37.602842
"최강영수전문학원","서울특별시 강북구 삼양로 293 , 3층 303호 (수유동,서영프라자)",127.0176488,37.6295659
"킴스영어북클럽학원","서울특별시 성북구 한천로101길 36 , 201,204호 (장위동,장월지구근린생활시설)",127.0488203,37.6225004
"스마트에듀학원","서울특별시 강북구 삼양로19길 69 , 3,4층 (미아동)",127.0190136,37.6159725
"하이스터디학원","서울특별시 성북구 북악산로 844 , 301,306호 일부 (돈암동,브라운스톤 돈암 아파트)",127.0175498,37.5979283
"상상과공상사이미술학원","서울특별시 성북구 동소문로 93 , 3층 (동소문동6가)",127.0134454,37.5922073
"새미앤북스(Sami 'N Books)영어학원","서울특별시 성북구 동소문로13길 4 , 5층,6층전체 (동소문동6가)",127.0130521,37.5921491
"글로벌학원","서울특별시 강북구 노해로 101 , 2층 (수유동)",127.0231855,37.6446121
"글로벌음악학원","서울특별시 강북구 노해로 101 , 3층 일부 (수유동)",127.0231855,37.6446121
"GnB영어수유보습학원","서울특별시 강북구 노해로7길 34 , 1층 (수유동)",127.0207975,37.6379121
"티엘아이[T.L.I]영어학원","서울특별시 성북구 보국문로 21 , 5층 (정릉동,태영빌딩)",127.0106805,37.6064647
"SM학원","서울특별시 강북구 오현로 190 , 5층 일부 (번동)",127.039396,37.6284375
"매쓰홀릭(Matholic)보습학원","서울특별시 성북구 보문로 167 , 201호 (삼선동5가,광남 제니텔)",127.0160569,37.5890809
"CNI수학원","서울특별시 성북구 아리랑로5길 26 , 5층 (동소문동7가,경향빌딩)",127.0138263,37.5968651
"리더스영수전문학원","서울특별시 성북구 길음로13길 24 , 301호 (길음동)",127.019141,37.6086897
"눈높이러닝센터종암학원","서울특별시 성북구 종암로 120 , 2층일부 (종암동,금강빌딩)",127.0342408,37.6008372
"페르마학원","서울특별시 성북구 동소문로 43 , 401호 일부 (동소문동4가,흥화브라운 동소문빌딩)",127.0101324,37.590588
"더그레이트수학학원","서울특별시 성북구 동소문로 34 , 4층 (동소문동3가,연진빌딩)",127.0101661,37.5893885
"플레이(PLAY)연기학원","서울특별시 성북구 동소문로20길 40 , 4층 (동소문동5가, 문진빌딩)",127.0161873,37.5909769
"유투엠학원","서울특별시 강북구 삼양로27길 35-21 , 6층 601호 (미아동,미아프라자)",127.0188808,37.6179181
"예음악학원","서울특별시 성북구 성북로4길 52 , 2201, 2202호 (돈암동,한신 한진아파트 418동(서관))",127.0109401,37.5942553
"더스카이수학학원","서울특별시 성북구 동소문로13길 25 , 2층 (동소문동4가 224외1필지)",127.0122078,37.5927169
"석관탑아인스학원","서울특별시 성북구 돌곶이로22길 53 , 4-5층 (석관동,이영빌딩)",127.0607935,37.6107253
"조아라음악학원","서울특별시 강북구 오현로 28 , 3층 (미아동,반석빌딩)",127.0330461,37.6163353
"삼양잉글루영어학원","서울특별시 강북구 삼양로 285 , 3층 (미아동)",127.0290393,37.6315505
"모멘텀영어수학전문학원","서울특별시 성북구 동소문로 248 , 3층 1,2호 (길음동,삼부아파트상가 102동)",127.0236243,37.602671
"1등급독서실","서울특별시 성북구 삼선교로10길 45 , 2-201호 (삼선동2가, 예성빌딩)",127.0100007,37.5861434
"미지에듀학원","서울특별시 강북구 월계로 55 , 3층 (미아동, 대신대중사우나)",127.0355349,37.6121388
"미래오투독서실","서울특별시 강북구 솔샘로 231 , 3,4층 (미아동)",127.018377,37.6201985
"젬스톤에듀학원","서울특별시 성북구 서경로 24 , 2층 (정릉동,상익빌딩)",127.0150433,37.6057614
"티플러스학원","서울특별시 강북구 삼양로112길 9 , 4층 (수유동)",127.0169932,37.6425208
"맨투맨영어수학학원","서울특별시 강북구 도봉로 167 , 3층 301호 (미아동)",127.022996,37.6244654
"샘이깊은국어수학학원","서울특별시 성북구 정릉로 376 , 3층 전체 (돈암동)",127.023636,37.6005277
"삼화기능사교육학원","서울특별시 성북구 화랑로 173 , 1층 (상월곡동)",127.0440375,37.606845
"성북커피학원","서울특별시 성북구 정릉로 376 , 7층 일부 (돈암동)",127.023636,37.6005277
"모차르트어드벤쳐음악학원","서울특별시 성북구 오패산로 46 , 주상가동 201,202,203,204호 (하월곡동,월곡두산위브아파트)",127.0380419,37.6067317
"성북애니스타만화학원","서울특별시 성북구 동소문로 34 , 5층 (동소문동3가,연진빌딩)",127.0101406,37.5894297
"윤두례뷰티미용학원","서울특별시 강북구 솔샘로65길 108 , 3층 (미아동,태양학원)",127.0258571,37.6219833
"동아수학학원","서울특별시 강북구 솔샘로 184 , 2층 203호, 203-1호 일부 (미아동, 에스케이 북한산시티아파트 상가동1)",127.012633,37.6173087
"엠입실론학원","서울특별시 성북구 숭인로2길 61 ,  중심상가 202호,203호,305호 (길음동,길음동동부센트레빌아파트)",127.0244082,37.6103636
"로제타스톤영어학원","서울특별시 강북구 삼양로19길 102 , 402호,403호 (미아동,삼각산아이원프러스)",127.0179027,37.6155853
"아세아보습논술학원","서울특별시 성북구 성북로4길 52 , 417동 1806호 1808호 (돈암동,한신,한진아파트)",127.0109401,37.5942553
"작품인수학학원","서울특별시 성북구 동소문로 248 , 105동 2층, 2,3,4호 (길음동,돈암2-1 삼부아파트)",127.0236243,37.602671
"멘토수학영어학원","서울특별시 강북구 월계로37길 129 , 203호,204호 (번동,기산그린아파트)",127.0436836,37.6274174
"수플러스학원","서울특별시 강북구 솔샘로 184 , 1층 122호 (미아동,에스케이 북한산시티아파트 상가동1)",127.0125752,37.6199041
"알리앙스보습학원","서울특별시 강북구 인수봉로 134 , 2층 (수유동)",127.0138553,37.6317435
"뉴패션아트학원","서울특별시 성북구 화랑로 115 , 2층 (하월곡동)",127.046029,37.6046824
"조서리영어학원","서울특별시 성북구 길음로 20 , 307,308호(길음동1283-4) (길음동,길음뉴타운)",127.0231051,37.6047336
"에듀플렉스에듀코치개별지도미아직영점학원","서울특별시 강북구 삼양로19길 214 , 5층 501호 일부 (미아동,금강빌딩)",127.0269077,37.6268335
"석계간호조무사학원","서울특별시 성북구 화랑로 278 , 5층 (석관동)",127.069448,37.6141059
"누리안국어논술학원","서울특별시 성북구 동소문로 248 , 3층 7,8호 (길음동,돈암2-1 삼부아파트)",127.0236243,37.602671
"강지현전문음악학원","서울특별시 성북구 장위로 46 , 2층전체 (장위동)",127.0416247,37.6140301
"강북제일학원","서울특별시 강북구 도봉로 178 , 3층 1호 (미아동)",127.0285183,37.6336258
"돈암마르지않는샘보습학원","서울특별시 성북구 북악산로 852 ,  3층전체 (정릉동)",127.0185496,37.5988734
"단과전문학원","서울특별시 성북구 장월로3길 1 , 102호,109호 (상월곡동,동아다누프라자)",127.0470055,37.6078584
"길음소나타음악학원","서울특별시 성북구 길음로9길 40 , 202호,301호 (길음동,래미안길음1차)",127.0201982,37.602842
"G1230학원","서울특별시 성북구 삼양로 32 , 4층 (길음동,중영빌딩)",127.0242951,37.6059365
"박윤영어수학학원","서울특별시 성북구 삼양로 61 , 2층전체 (길음동)",127.0229779,37.608362
"쌤수학학원","서울특별시 강북구 삼양로19길 74 , 2층 204호,205호 (미아동,삼각산아이원아파트)",127.0179027,37.6155853
"수유실용음악학원","서울특별시 강북구 한천로 1084 , 3층 (수유동,정빌딩)",127.0230814,37.6428678
"백승학원","서울특별시 성북구 종암로 132 , 2층 203호, 209-1 (종암동, 종암우림카이저팰리스)",127.0334909,37.6019481
"아미고발레학원","서울특별시 성북구 동소문로 229 , 2층일부 (길음동)",127.023926,37.6073126
"영어나무보습학원","서울특별시 강북구 노해로23길 125 , 2층 (수유동)",127.0172148,37.6474603
"필즈수학학원","서울특별시 강북구 삼양로 116 , 3층 일부 (미아동,창영빌딩)",127.0223527,37.6141409
"에스시디지털조형학원","서울특별시 성북구 인촌로 33 , 2층전체 (안암동2가)",127.0231089,37.5871412
"에듀컴퓨터아트학원","서울특별시 성북구 삼선교로2길 11 , 2층전체 (삼선동1가)",127.005991,37.5877036
"엠존수학전문학원","서울특별시 성북구 아리랑로 36 , 6층전체 (동선동5가,백산빌딩)",127.0154194,37.5970151
"토라주니어학원","서울특별시 성북구 보문로29길 111 , 2층전체 (삼선동3가,김영창한의원)",127.0128594,37.5853888
"킴스잉글리시영어학원","서울특별시 성북구 종암로 132 , 2층 208호일부, 216호 (종암동, 종암우림카이저팰리스)",127.0334909,37.6019481
"모해미술&도자기학원","서울특별시 강북구 삼양로 424 , 3층일부 (수유동,정암빌딩)",127.0171185,37.6413568
"라온독서실","서울특별시 성북구 동소문로 212-66 , 3층전체 (돈암동)",127.023636,37.6005277
"박미화수학학원","서울특별시 강북구 솔샘로 207 , 2,3층 (미아동)",127.0156057,37.6202331
"성북상승학원","서울특별시 성북구 오패산로 35 , 2층전체 (하월곡동,홍인빌딩)",127.0368982,37.6051453
"GIPS성북2어학원","서울특별시 성북구 정릉로 250 , 3층일부 (정릉동,정릉빌딩)",127.0113568,37.6042304
"엠엘(ML)댄스스포츠학원","서울특별시 강북구 노해로27길 3 , 3층 (수유동)",127.021348,37.6462568
"예솜음악학원","서울특별시 성북구 동소문로13길 39-1 , 2층전체 (동소문동4가)",127.0117775,37.5933143
"김욱학원","서울특별시 강북구 덕릉로 66 , 3층 (수유동)",127.021008,37.6343071
"월곡창조의아침미술학원","서울특별시 성북구 월계로 52 , 6층 601호 일부 (하월곡동,에스엠메디칼)",127.0355496,37.6114424
"뿌리수학학원","서울특별시 성북구 서경로 77 , 스마트빌 2층 202호 (정릉동)",127.0146565,37.6101057
"뮤직플러스음악학원","서울특별시 성북구 서경로 75 , 3층,4층 전체 (정릉동)",127.0148233,37.6099088
"봄날단비국어학원","서울특별시 강북구 도봉로 237 , 3층 우측 일부 (미아동)",127.0269077,37.6268335
"청담클루빌동소문빌리지학원","서울특별시 성북구 동소문로13길 4 , 3층전체 (동소문동6가)",127.0130521,37.5921491
"대한댄스학원","서울특별시 강북구 도봉로 276 , 3층 (미아동)",127.0290393,37.6315505
"과수원과학수학전문학원","서울특별시 성북구 화랑로24길 9-9 , 1층,2층전체 (석관동)",127.0529534,37.6080711
"학원이데아학원","서울특별시 성북구 삼양로4길 3 , 3층 일부 (길음동)",127.0243654,37.6057605
"브레인어학원","서울특별시 강북구 삼양로79길 20 , 2층 (수유동)",127.0165716,37.6309228
"우리i학원","서울특별시 강북구 도봉로 178 , 3층 일부 (미아동)",127.0269077,37.6268335
"빈(Bean)음악학원","서울특별시 성북구 삼양로 63 , 3층전체 (길음동)",127.0226608,37.6087928
"한국세관공매경매학원","서울특별시 성북구 화랑로 95 , 3층일부 (하월곡동)",127.0409997,37.6041779
"메가아이티학원","서울특별시 성북구 동소문로 32 , 2층전체 (동소문동3가)",127.0135727,37.5917408
"GEM무용학원","서울특별시 성북구 보국문로 50 , 3층 302호 (정릉동)",127.0100922,37.6088141
"그레일(GRAIL)영어학원","서울특별시 강북구 솔샘로 217-1 , 2층 (미아동)",127.0167467,37.6201282
"제너럴커피학원","서울특별시 강북구 덕릉로 108 , 6층 (미아동,현웅빌딩)",127.0256298,37.634621
"한양음악학원","서울특별시 성북구 정릉로 448-11 , 3층전체 (종암동,원함빌딩)",127.031602,37.6001709
"리드101돈암영어학원","서울특별시 성북구 성북로4길 52 , 417동 2층 1209호 (돈암동, 한신아파트)",127.0109401,37.5942553
"굿(GOOD)쎈학원","서울특별시 성북구 보문로29길 121 , 2층 일부, 3층 일부 (삼선동3가)",127.0122651,37.5852982
"도담도담미술학원","서울특별시 성북구 서경로 77 , 2층 201호 (정릉동, 스마트빌)",127.0146755,37.6101227
"해법영어학원","서울특별시 성북구 삼양로 88 , 3층전체 (길음동)",127.0224064,37.6111847
"루이어학원","서울특별시 성북구 서경로6길 13 , 4층 401호,5층 501호 (길음동)",127.0148993,37.6041438
"대치에스학원","서울특별시 성북구 동소문로 75 , 401호 일부 (동소문동6가)",127.0135642,37.5916145
"윤선생우리집앞영어수학우이학원","서울특별시 강북구 삼양로99길 33 , 2층 203호, 204호 (수유동)",127.016025,37.6383545
"짱댄스학원","서울특별시 강북구 한천로 1040 , 4층 일부 (수유동, 보화빌딩)",127.0266693,37.6403115
"클릭!소프트웨어교육학원","서울특별시 성북구 동소문로 55 , 4층,5층 전체 (동소문동4가)",127.0107586,37.5915901
"YSM학원","서울특별시 성북구 성북로4길 52 , 418동 2층 2203호,2205호,2207호,2208호 (돈암동, 한진아파트)",127.0109401,37.5942553
"프라임엠디강북학원","서울특별시 성북구 인촌로24길 51 , 4층전체 (안암동5가)",127.0296926,37.5838912
"씨아이(CI)명문학원","서울특별시 성북구 북악산로 844 , 2층 201호전체 (돈암동, 브라운스톤 돈암 아파트 상가)",127.01787,37.5975955
"이호일수학학원","서울특별시 성북구 동소문로13길 12 , 4층전체 (동소문동6가, 세화빌딩)",127.0128952,37.5923703
"뉴진학보습학원","서울특별시 강북구 솔샘로31길 10 , 지하1층,1층 전체 (미아동)",127.0269077,37.6268335
"수학의신학원","서울특별시 성북구 종암로9길 86 , 301호, 302호일부 (종암동, 종암2차 아이파크 상가)",127.0317967,37.5972265
"장위미술학원","서울특별시 성북구 화랑로19길 67 , 2층 일부 (장위동, 우송빌딩)",127.0506279,37.609392
"생각과진리학원","서울특별시 성북구 한천로 541 , 2층 전체 (석관동)",127.0646594,37.608378
"로뎀독서실","서울특별시 성북구 종암로19길 50 , 2층 전체 (종암동)",127.0316952,37.5980737
"아띠무용학원","서울특별시 성북구 정릉로52길 22 , 202호 일부 (돈암동, 신우프라자)",127.0292012,37.6035036
"솔리데오음악학원","서울특별시 성북구 정릉로52길 22 , 5층 전체 (돈암동, 신우프라자)",127.0292012,37.6035036
"해법수학전문학원","서울특별시 성북구 종암로 86 , 2층 (종암동)",127.0352685,37.5978615
"카이로스(kairos)수학논술전문학원","서울특별시 성북구 장월로1길 28 , 106호, 206호 (상월곡동, 동아에코빌아파트)",127.0452951,37.6079198
"위너스댄스학원","서울특별시 강북구 솔샘로 330 , 3층 전체 (미아동)",127.028587,37.6169483
"지나영어학원","서울특별시 강북구 오패산로30길 10 , 301호 일부 (미아동)",127.0269077,37.6268335
"빡센학원","서울특별시 강북구 노해로 123 , 3층 일부 (수유동)",127.0245259,37.646182
"조이스감성미술학원","서울특별시 성북구 월곡로 83 , 2층 전체 (종암동)",127.0399216,37.599807
"하이맥스학원","서울특별시 성북구 정릉로 448-11 , 4층 전체 (종암동)",127.031602,37.6001709
"Q1교육학원","서울특별시 성북구 동소문로 203 , 3층 전체 (돈암동)",127.023636,37.6005277
"이엠학원","서울특별시 성북구 종암로 132 , 202호 (종암동, 종암우림카이저팰리스)",127.0334909,37.6019481
"크라스스터디컴플렉스독서실","서울특별시 성북구 보문로34길 15 , 2층, 3층 (삼선동4가)",127.0161894,37.5902876
"장위에덴음악학원","서울특별시 성북구 화랑로19길 67 , 4층 일부 (장위동, 우송빌딩)",127.0506279,37.609392
"드림팀보컬실용음악학원","서울특별시 성북구 동소문로 167 , 501호 (동선동4가, 고려e스쿨)",127.0177234,37.5946136
"다움학원","서울특별시 성북구 동소문로 14 , 4층 (동소문동2가, 외환은행(삼선교지점))",127.0060501,37.5880744
"버클리음악학원","서울특별시 강북구 삼양로 307 , 4층 (수유동, 대림)",127.0221713,37.6317362
"윤선생우리집앞영어삼각산학원","서울특별시 강북구 삼양로19길 132 , B동 2호,3호 (미아동)",127.0269077,37.6268335
"성북아이슐레창의영재학원","서울특별시 성북구 오패산로 98 , 2층 202호, 203호 (하월곡동, 로만플라자)",127.0356402,37.6108223
"최종구수학학원","서울특별시 성북구 북악산로 852 , 2층 전체 (정릉동)",127.0185496,37.5988734
"이지잉글리쉬학원","서울특별시 강북구 수유로 10 , 2층 (수유동)",127.0185292,37.6317942
"뮤직플라츠음악학원","서울특별시 성북구 화랑로5길 41 , 2층 일부 (하월곡동)",127.0391456,37.6044049
"고시고시검정고시원격학원","서울특별시 강북구 도봉로 172 , 5층 일부(503호) (미아동, 남송빌딩)",127.027352,37.6241953
"유진무용학원","서울특별시 성북구 종암로 120 , 5층 일부 (종암동, 금강빌딩)",127.0342408,37.6008372
"김안나똑똑한영어학원","서울특별시 성북구 아리랑로19가길 4 , 2층 일부 (정릉동, 일송빌딩)",127.0113325,37.6023812
"더원영수학원","서울특별시 강북구 오현로20길 62 , 상가동 201호 (번동, 번동솔그린아파트)",127.0392674,37.6260564
"수오름학원","서울특별시 성북구 아리랑로 18 , 3층 전체 (동선동5가)",127.0154194,37.5970151
"클릭!씨비엠(CBM)수학학원","서울특별시 성북구 동소문로 69 , 2층 전체 (동소문동4가, 동문빌딩)",127.0129376,37.5919212
"토즈스터디센터돈암독서실","서울특별시 성북구 정릉로 376 , 6층 일부 (돈암동, BR빌딩)",127.0252417,37.6020035
"튼튼영어마스터클럽강북삼각산학원","서울특별시 강북구 솔샘로 184 , 1층 124호 (미아동, 에스케이 북한산시티아파트 상가동1)",127.0125752,37.6199041
"연세독서실","서울특별시 성북구 동소문로 248 , 102동 3층 12호, 13호 (길음동, 돈암2-1 삼부아파트102동상가)",127.0236243,37.602671
"이종권보습학원","서울특별시 성북구 보국문로 38 , 2층 전체 (정릉동)",127.0103588,37.6078351
"엠케이수학학원","서울특별시 강북구 솔샘로 184 , 2층 204호 (미아동, 에스케이 북한산시티아파트 상가동1)",127.0125752,37.6199041
"창의우선미술학원","서울특별시 강북구 삼양로27길 43 , 5층 501호 (미아동, 위브 테라스 파크)",127.0194937,37.6185492
"장위엘리트학원","서울특별시 성북구 장월로 102 , 1층 일부, 2층 일부 (장위동, 대영빌딩)",127.0485168,37.614919
"조아라댄스스포츠학원","서울특별시 성북구 장월로 90 , 2층 전체 (장위동)",127.0490118,37.61387
"푸르넷아카데미학원","서울특별시 강북구 오현로 10 , 2층 (미아동)",127.0311632,37.6163054
"더블에스학원","서울특별시 성북구 월계로40길 7 , 2층 202호 (장위동, 센트럴타운근린생활시설)",127.048397,37.6228267
"로마음악학원","서울특별시 성북구 종암로24가길 53 , 3층 306호 (종암동, 종암에스케이아파트상가동)",127.0371572,37.6011427
"길음쎈수학학원","서울특별시 성북구 삼양로 76 , 3층 전체 (길음동) (길음동)",127.0227983,37.6100571
"명음음악학원","서울특별시 성북구 동소문로34길 24 , 502호 일부, 503호 (돈암동, 돈암삼성아파트제B상가동) (돈암동, 돈암동 삼성아파트)",127.0244944,37.5988123
"케이튜터수학성신여대관학원","서울특별시 성북구 아리랑로 25 , 3층 일부 (동소문동6가)",127.0144101,37.5933169
"아인음악학원","서울특별시 성북구 삼양로 76 , 2층 전체 (길음동)",127.0227983,37.6100571
"돈암강의하는아이들학원","서울특별시 성북구 동소문로24길 25 , 4층 전체 (동선동1가)",127.0190046,37.5925114
"썬앤문음악학원","서울특별시 성북구 보국문로 116 , 3층 302호, 303호 (정릉동)",127.0077456,37.6144259
"플라즈마돈암학원","서울특별시 성북구 아리랑로 36 , 3층 전체 (동선동5가)",127.0154194,37.5970151
"과수원과학수학영어학원","서울특별시 성북구 화랑로 210-6 , 401-1호, 401-2호, 402-1호 (석관동)",127.0609186,37.6084827
"성북메가스터디보습학원","서울특별시 성북구 동소문로 63 , 4-5층 (동소문동4가)",127.0101661,37.5893885
"승리영어학원","서울특별시 성북구 길음로 20 , 313호, 413호 (길음동)",127.0230189,37.6047095
"아이비영어학원","서울특별시 강북구 삼양로27길 43 , 두산위브테라스파크 402호, 403호 일부 (미아동)",127.0191069,37.6186723
"엠루틴학원","서울특별시 강북구 솔샘로 167 , 벽산라이브파크상가동 306호, 307호, 308호 전체 (미아동)",127.0122204,37.6211009
